{
    "type": "FeatureCollection",
    "features": [
        {
            "type": "Feature",
            "geometry": {
                "type": "Point",
                "coordinates": [
                    134.759837,
                    -29.006551
                ]
            },
            "properties": {
                "objectid": 520,
                "featuretype": "EMERGENCY FACILITY",
                "descripton": "An emergency management facility from which a particular agency’s resources are commanded, coordinated and assigned to an incident or emergency",
                "class": "AMBULANCE STATION",
                "lhn_code": "EFNLHN",
                "facility_name": "COOBER PEDY STATION",
                "facility_operationalstatus": "OPERATIONAL",
                "facility_address": "LOT 100 MCKENZIE ROAD",
                "abs_suburb": "COOBER PEDY",
                "facility_state": "SOUTH AUSTRALIA",
                "abs_postcode": "5723",
                "facility_attribute_source": "HTTP://WWW.SAAMBULANCE.COM.AU",
                "facility_attribute_date": null,
                "facility_source": "HTTP://WWW.SAAMBULANCE.COM.AU",
                "facility_date": null,
                "facility_spatial_confidence": null,
                "facility_revised": "2018-08-18T00:00:00Z",
                "facility_lat": "-29.006565000999956",
                "facility_long": "134.75982900000008",
                "validated": null,
                "gnaf_building_name": null,
                "gnaf_address_detail_pid": "GASA_424191041",
                "gnaf_formatted_address": "LOT 100 MCKENZIE ROAD",
                "gnaf_confidence": "0",
                "gnaf_postcode": "5723",
                "gnaf_suburb": "COOBER PEDY",
                "distance_to_gnaf": 84,
                "gnaf_lat": "-29.005982659999972",
                "gnaf_long": "134.7592798700001",
                "comment_": null
            }
        },
        {
            "type": "Feature",
            "geometry": {
                "type": "Point",
                "coordinates": [
                    139.701528,
                    -35.47246
                ]
            },
            "properties": {
                "objectid": 521,
                "featuretype": "EMERGENCY FACILITY",
                "descripton": "An emergency management facility from which a particular agency’s resources are commanded, coordinated and assigned to an incident or emergency",
                "class": "AMBULANCE STATION",
                "lhn_code": "RMCLHN",
                "facility_name": "COOMANDOOK STATION",
                "facility_operationalstatus": "OPERATIONAL",
                "facility_address": "2151 OLD DUKES HIGHWAY",
                "abs_suburb": "COOMANDOOK",
                "facility_state": "SOUTH AUSTRALIA",
                "abs_postcode": "5261",
                "facility_attribute_source": "HTTP://WWW.SAAMBULANCE.COM.AU",
                "facility_attribute_date": null,
                "facility_source": "HTTP://WWW.SAAMBULANCE.COM.AU",
                "facility_date": null,
                "facility_spatial_confidence": null,
                "facility_revised": "2018-08-18T00:00:00Z",
                "facility_lat": "-35.47247300099997",
                "facility_long": "139.70152100000007",
                "validated": null,
                "gnaf_building_name": null,
                "gnaf_address_detail_pid": "GASA_424705571",
                "gnaf_formatted_address": "2151 OLD DUKES HIGHWAY",
                "gnaf_confidence": "2",
                "gnaf_postcode": "5261",
                "gnaf_suburb": "COOMANDOOK",
                "distance_to_gnaf": 598,
                "gnaf_lat": "-35.46913017999998",
                "gnaf_long": "139.6963519100001",
                "comment_": null
            }
        },
        {
            "type": "Feature",
            "geometry": {
                "type": "Point",
                "coordinates": [
                    139.855845,
                    -35.694112
                ]
            },
            "properties": {
                "objectid": 522,
                "featuretype": "EMERGENCY FACILITY",
                "descripton": "An emergency management facility from which a particular agency’s resources are commanded, coordinated and assigned to an incident or emergency",
                "class": "AMBULANCE STATION",
                "lhn_code": "RMCLHN",
                "facility_name": "COONALPYN STATION",
                "facility_operationalstatus": "OPERATIONAL",
                "facility_address": "9-11 POYNTZ TERRACE",
                "abs_suburb": "COONALPYN",
                "facility_state": "SOUTH AUSTRALIA",
                "abs_postcode": "5265",
                "facility_attribute_source": "HTTP://WWW.SAAMBULANCE.COM.AU",
                "facility_attribute_date": null,
                "facility_source": "HTTP://WWW.SAAMBULANCE.COM.AU",
                "facility_date": null,
                "facility_spatial_confidence": null,
                "facility_revised": "2018-08-18T00:00:00Z",
                "facility_lat": "-35.694125000999975",
                "facility_long": "139.85583800000006",
                "validated": null,
                "gnaf_building_name": null,
                "gnaf_address_detail_pid": "GASA_415736564",
                "gnaf_formatted_address": "9-11 POYNTZ TERRACE",
                "gnaf_confidence": "1",
                "gnaf_postcode": "5265",
                "gnaf_suburb": "COONALPYN",
                "distance_to_gnaf": 18,
                "gnaf_lat": "-35.69395887999997",
                "gnaf_long": "139.85584605000008",
                "comment_": null
            }
        },
        {
            "type": "Feature",
            "geometry": {
                "type": "Point",
                "coordinates": [
                    136.922319,
                    -33.680697
                ]
            },
            "properties": {
                "objectid": 523,
                "featuretype": "EMERGENCY FACILITY",
                "descripton": "An emergency management facility from which a particular agency’s resources are commanded, coordinated and assigned to an incident or emergency",
                "class": "AMBULANCE STATION",
                "lhn_code": "EFNLHN",
                "facility_name": "COWELL STATION",
                "facility_operationalstatus": "OPERATIONAL",
                "facility_address": "1 LINCOLN HIGHWAY",
                "abs_suburb": "COWELL",
                "facility_state": "SOUTH AUSTRALIA",
                "abs_postcode": "5602",
                "facility_attribute_source": "HTTP://WWW.SAAMBULANCE.COM.AU",
                "facility_attribute_date": null,
                "facility_source": "HTTP://WWW.SAAMBULANCE.COM.AU",
                "facility_date": null,
                "facility_spatial_confidence": null,
                "facility_revised": "2018-08-18T00:00:00Z",
                "facility_lat": "-33.680710999999974",
                "facility_long": "136.92231100000004",
                "validated": null,
                "gnaf_building_name": null,
                "gnaf_address_detail_pid": "GASA_415713068",
                "gnaf_formatted_address": "1 LINCOLN HIGHWAY",
                "gnaf_confidence": "1",
                "gnaf_postcode": "5602",
                "gnaf_suburb": "COWELL",
                "distance_to_gnaf": 10,
                "gnaf_lat": "-33.68072669999998",
                "gnaf_long": "136.92241925000008",
                "comment_": null
            }
        },
        {
            "type": "Feature",
            "geometry": {
                "type": "Point",
                "coordinates": [
                    138.208355,
                    -33.352931
                ]
            },
            "properties": {
                "objectid": 524,
                "featuretype": "EMERGENCY FACILITY",
                "descripton": "An emergency management facility from which a particular agency’s resources are commanded, coordinated and assigned to an incident or emergency",
                "class": "AMBULANCE STATION",
                "lhn_code": "YNLHN",
                "facility_name": "CRYSTAL BROOK STATION",
                "facility_operationalstatus": "OPERATIONAL",
                "facility_address": "35 BRANDIS STREET",
                "abs_suburb": "CRYSTAL BROOK",
                "facility_state": "SOUTH AUSTRALIA",
                "abs_postcode": "5523",
                "facility_attribute_source": "HTTP://WWW.SAAMBULANCE.COM.AU",
                "facility_attribute_date": null,
                "facility_source": "HTTP://WWW.SAAMBULANCE.COM.AU",
                "facility_date": null,
                "facility_spatial_confidence": null,
                "facility_revised": "2018-08-18T00:00:00Z",
                "facility_lat": "-33.35294499999998",
                "facility_long": "138.208347999",
                "validated": null,
                "gnaf_building_name": null,
                "gnaf_address_detail_pid": "GASA_415513248",
                "gnaf_formatted_address": "35 BRANDIS STREET",
                "gnaf_confidence": "1",
                "gnaf_postcode": "5523",
                "gnaf_suburb": "CRYSTAL BROOK",
                "distance_to_gnaf": 13,
                "gnaf_lat": "-33.35284249999995",
                "gnaf_long": "138.20841851000012",
                "comment_": null
            }
        },
        {
            "type": "Feature",
            "geometry": {
                "type": "Point",
                "coordinates": [
                    135.732492,
                    -34.263639
                ]
            },
            "properties": {
                "objectid": 525,
                "featuretype": "EMERGENCY FACILITY",
                "descripton": "An emergency management facility from which a particular agency’s resources are commanded, coordinated and assigned to an incident or emergency",
                "class": "AMBULANCE STATION",
                "lhn_code": "EFNLHN",
                "facility_name": "CUMMINS STATION",
                "facility_operationalstatus": "OPERATIONAL",
                "facility_address": "19 TUMBY BAY ROAD",
                "abs_suburb": "CUMMINS",
                "facility_state": "SOUTH AUSTRALIA",
                "abs_postcode": "5631",
                "facility_attribute_source": "HTTP://WWW.SAAMBULANCE.COM.AU",
                "facility_attribute_date": null,
                "facility_source": "HTTP://WWW.SAAMBULANCE.COM.AU",
                "facility_date": null,
                "facility_spatial_confidence": null,
                "facility_revised": "2018-08-18T00:00:00Z",
                "facility_lat": "-34.263653000999966",
                "facility_long": "135.7324840000001",
                "validated": null,
                "gnaf_building_name": null,
                "gnaf_address_detail_pid": "GASA_423016988",
                "gnaf_formatted_address": "19 TUMBY BAY ROAD",
                "gnaf_confidence": "1",
                "gnaf_postcode": "5631",
                "gnaf_suburb": "CUMMINS",
                "distance_to_gnaf": 2,
                "gnaf_lat": "-34.26367499999998",
                "gnaf_long": "135.73248386000012",
                "comment_": null
            }
        },
        {
            "type": "Feature",
            "geometry": {
                "type": "Point",
                "coordinates": [
                    138.62192,
                    -34.940617
                ]
            },
            "properties": {
                "objectid": 526,
                "featuretype": "EMERGENCY FACILITY",
                "descripton": "An emergency management facility from which a particular agency’s resources are commanded, coordinated and assigned to an incident or emergency",
                "class": "AMBULANCE STATION",
                "lhn_code": "CALHN",
                "facility_name": "STATE HEADQUARTERS",
                "facility_operationalstatus": "OPERATIONAL",
                "facility_address": "216 GREENHILL ROAD",
                "abs_suburb": "EASTWOOD",
                "facility_state": "SOUTH AUSTRALIA",
                "abs_postcode": "5063",
                "facility_attribute_source": "HTTP://WWW.SAAMBULANCE.COM.AU",
                "facility_attribute_date": null,
                "facility_source": "HTTP://WWW.SAAMBULANCE.COM.AU",
                "facility_date": null,
                "facility_spatial_confidence": null,
                "facility_revised": "2018-08-18T00:00:00Z",
                "facility_lat": "-34.94063100099993",
                "facility_long": "138.62191299900007",
                "validated": null,
                "gnaf_building_name": null,
                "gnaf_address_detail_pid": "GASA_415467451",
                "gnaf_formatted_address": "216 GREENHILL ROAD",
                "gnaf_confidence": "1",
                "gnaf_postcode": "5063",
                "gnaf_suburb": "EASTWOOD",
                "distance_to_gnaf": 11,
                "gnaf_lat": "-34.94072499999993",
                "gnaf_long": "138.62188651000008",
                "comment_": null
            }
        },
        {
            "type": "Feature",
            "geometry": {
                "type": "Point",
                "coordinates": [
                    138.532372,
                    -34.936322
                ]
            },
            "properties": {
                "objectid": 541,
                "featuretype": "EMERGENCY FACILITY",
                "descripton": "An emergency management facility from which a particular agency’s resources are commanded, coordinated and assigned to an incident or emergency",
                "class": "AMBULANCE STATION",
                "lhn_code": "CALHN",
                "facility_name": "SPECIAL OPERATIONS STATION",
                "facility_operationalstatus": "OPERATIONAL",
                "facility_address": "LOT 42 SIR DONALD BRADMAN DRIVE",
                "abs_suburb": "ADELAIDE AIRPORT",
                "facility_state": "SOUTH AUSTRALIA",
                "abs_postcode": "5950",
                "facility_attribute_source": "HTTP://WWW.SAAMBULANCE.COM.AU",
                "facility_attribute_date": null,
                "facility_source": "HTTP://WWW.SAAMBULANCE.COM.AU",
                "facility_date": null,
                "facility_spatial_confidence": null,
                "facility_revised": "2018-08-18T00:00:00Z",
                "facility_lat": "-34.93633599999998",
                "facility_long": "138.53236499900004",
                "validated": null,
                "gnaf_building_name": null,
                "gnaf_address_detail_pid": "GASA_423200457",
                "gnaf_formatted_address": "LOT 42 SIR DONALD BRADMAN DRIVE",
                "gnaf_confidence": "0",
                "gnaf_postcode": "5950",
                "gnaf_suburb": "ADELAIDE AIRPORT",
                "distance_to_gnaf": 1724,
                "gnaf_lat": "-34.946599049999975",
                "gnaf_long": "138.54652865000003",
                "comment_": null
            }
        },
        {
            "type": "Feature",
            "geometry": {
                "type": "Point",
                "coordinates": [
                    138.743784,
                    -35.012422
                ]
            },
            "properties": {
                "objectid": 542,
                "featuretype": "EMERGENCY FACILITY",
                "descripton": "An emergency management facility from which a particular agency’s resources are commanded, coordinated and assigned to an incident or emergency",
                "class": "AMBULANCE STATION",
                "lhn_code": "BHFLHN",
                "facility_name": "STIRLING STATION",
                "facility_operationalstatus": "OPERATIONAL",
                "facility_address": "298 MOUNT BARKER ROAD",
                "abs_suburb": "ALDGATE",
                "facility_state": "SOUTH AUSTRALIA",
                "abs_postcode": "5154",
                "facility_attribute_source": "HTTP://WWW.SAAMBULANCE.COM.AU",
                "facility_attribute_date": null,
                "facility_source": "HTTP://WWW.SAAMBULANCE.COM.AU",
                "facility_date": null,
                "facility_spatial_confidence": null,
                "facility_revised": "2018-08-18T00:00:00Z",
                "facility_lat": "-35.01243600099997",
                "facility_long": "138.74377700000002",
                "validated": null,
                "gnaf_building_name": null,
                "gnaf_address_detail_pid": "GASA_416901049",
                "gnaf_formatted_address": "298 MOUNT BARKER ROAD",
                "gnaf_confidence": "1",
                "gnaf_postcode": "5154",
                "gnaf_suburb": "ALDGATE",
                "distance_to_gnaf": 20,
                "gnaf_lat": "-35.01261772999993",
                "gnaf_long": "138.74379238000006",
                "comment_": null
            }
        },
        {
            "type": "Feature",
            "geometry": {
                "type": "Point",
                "coordinates": [
                    138.482234,
                    -35.267682
                ]
            },
            "properties": {
                "objectid": 543,
                "featuretype": "EMERGENCY FACILITY",
                "descripton": "An emergency management facility from which a particular agency’s resources are commanded, coordinated and assigned to an incident or emergency",
                "class": "AMBULANCE STATION",
                "lhn_code": "SALHN",
                "facility_name": "ALDINGA STATION",
                "facility_operationalstatus": "OPERATIONAL",
                "facility_address": "186-196 PORT ROAD",
                "abs_suburb": "ALDINGA",
                "facility_state": "SOUTH AUSTRALIA",
                "abs_postcode": "5173",
                "facility_attribute_source": "HTTP://WWW.SAAMBULANCE.COM.AU",
                "facility_attribute_date": null,
                "facility_source": "HTTP://WWW.SAAMBULANCE.COM.AU",
                "facility_date": null,
                "facility_spatial_confidence": null,
                "facility_revised": "2018-08-18T00:00:00Z",
                "facility_lat": "-35.267695999999944",
                "facility_long": "138.48222700000008",
                "validated": null,
                "gnaf_building_name": null,
                "gnaf_address_detail_pid": "GASA_425448412",
                "gnaf_formatted_address": "186-196 PORT ROAD",
                "gnaf_confidence": "0",
                "gnaf_postcode": "5173",
                "gnaf_suburb": "ALDINGA",
                "distance_to_gnaf": 110,
                "gnaf_lat": "-35.26846107999995",
                "gnaf_long": "138.48146279000002",
                "comment_": null
            }
        },
        {
            "type": "Feature",
            "geometry": {
                "type": "Point",
                "coordinates": [
                    137.769309,
                    -35.782721
                ]
            },
            "properties": {
                "objectid": 544,
                "featuretype": "EMERGENCY FACILITY",
                "descripton": "An emergency management facility from which a particular agency’s resources are commanded, coordinated and assigned to an incident or emergency",
                "class": "AMBULANCE STATION",
                "lhn_code": "BHFLHN",
                "facility_name": "AMERICAN RIVER STATION",
                "facility_operationalstatus": "OPERATIONAL",
                "facility_address": "LOT 13 BUICK DRIVE",
                "abs_suburb": "AMERICAN RIVER",
                "facility_state": "SOUTH AUSTRALIA",
                "abs_postcode": "5221",
                "facility_attribute_source": "HTTP://WWW.SAAMBULANCE.COM.AU",
                "facility_attribute_date": null,
                "facility_source": "HTTP://WWW.SAAMBULANCE.COM.AU",
                "facility_date": null,
                "facility_spatial_confidence": null,
                "facility_revised": "2018-08-18T00:00:00Z",
                "facility_lat": "-35.78273500199998",
                "facility_long": "137.76930200100003",
                "validated": null,
                "gnaf_building_name": null,
                "gnaf_address_detail_pid": "GASA_425844244",
                "gnaf_formatted_address": "16 BUICK DRIVE",
                "gnaf_confidence": "1",
                "gnaf_postcode": "5221",
                "gnaf_suburb": "AMERICAN RIVER",
                "distance_to_gnaf": 4,
                "gnaf_lat": "-35.78273594999996",
                "gnaf_long": "137.76925956000002",
                "comment_": null
            }
        },
        {
            "type": "Feature",
            "geometry": {
                "type": "Point",
                "coordinates": [
                    139.052275,
                    -34.503315
                ]
            },
            "properties": {
                "objectid": 545,
                "featuretype": "EMERGENCY FACILITY",
                "descripton": "An emergency management facility from which a particular agency’s resources are commanded, coordinated and assigned to an incident or emergency",
                "class": "AMBULANCE STATION",
                "lhn_code": "BHFLHN",
                "facility_name": "BAROSSA VALLEY STATION",
                "facility_operationalstatus": "OPERATIONAL",
                "facility_address": "27 SCHILLING STREET",
                "abs_suburb": "ANGASTON",
                "facility_state": "SOUTH AUSTRALIA",
                "abs_postcode": "5353",
                "facility_attribute_source": "HTTP://WWW.SAAMBULANCE.COM.AU",
                "facility_attribute_date": null,
                "facility_source": "HTTP://WWW.SAAMBULANCE.COM.AU",
                "facility_date": null,
                "facility_spatial_confidence": null,
                "facility_revised": "2018-08-18T00:00:00Z",
                "facility_lat": "-34.50332900099994",
                "facility_long": "139.05226800000003",
                "validated": null,
                "gnaf_building_name": null,
                "gnaf_address_detail_pid": "GASA_415338743",
                "gnaf_formatted_address": "27 SCHILLING STREET",
                "gnaf_confidence": "1",
                "gnaf_postcode": "5353",
                "gnaf_suburb": "ANGASTON",
                "distance_to_gnaf": 13,
                "gnaf_lat": "-34.50328209999998",
                "gnaf_long": "139.05240063000008",
                "comment_": null
            }
        },
        {
            "type": "Feature",
            "geometry": {
                "type": "Point",
                "coordinates": [
                    137.91613,
                    -34.420829
                ]
            },
            "properties": {
                "objectid": 547,
                "featuretype": "EMERGENCY FACILITY",
                "descripton": "An emergency management facility from which a particular agency’s resources are commanded, coordinated and assigned to an incident or emergency",
                "class": "AMBULANCE STATION",
                "lhn_code": "YNLHN",
                "facility_name": "ARDROSSAN STATION",
                "facility_operationalstatus": "OPERATIONAL",
                "facility_address": "NORTH TERRACE",
                "abs_suburb": "ARDROSSAN",
                "facility_state": "SOUTH AUSTRALIA",
                "abs_postcode": "5571",
                "facility_attribute_source": "HTTP://WWW.SAAMBULANCE.COM.AU",
                "facility_attribute_date": null,
                "facility_source": "HTTP://WWW.SAAMBULANCE.COM.AU",
                "facility_date": null,
                "facility_spatial_confidence": null,
                "facility_revised": "2018-08-18T00:00:00Z",
                "facility_lat": "-34.420842999999934",
                "facility_long": "137.9161229990001",
                "validated": null,
                "gnaf_building_name": null,
                "gnaf_address_detail_pid": "GASA_719248884",
                "gnaf_formatted_address": "LOT 423 FAIRWAY DRIVE",
                "gnaf_confidence": "-1",
                "gnaf_postcode": "5571",
                "gnaf_suburb": "ARDROSSAN",
                "distance_to_gnaf": 18,
                "gnaf_lat": "-34.42089171999993",
                "gnaf_long": "137.91631302000008",
                "comment_": null
            }
        },
        {
            "type": "Feature",
            "geometry": {
                "type": "Point",
                "coordinates": [
                    138.577198,
                    -34.946211
                ]
            },
            "properties": {
                "objectid": 550,
                "featuretype": "EMERGENCY FACILITY",
                "descripton": "An emergency management facility from which a particular agency’s resources are commanded, coordinated and assigned to an incident or emergency",
                "class": "AMBULANCE STATION",
                "lhn_code": "CALHN",
                "facility_name": "ASHFORD STATION",
                "facility_operationalstatus": "OPERATIONAL",
                "facility_address": "24-28 ALEXANDER AVENUE",
                "abs_suburb": "ASHFORD",
                "facility_state": "SOUTH AUSTRALIA",
                "abs_postcode": "5035",
                "facility_attribute_source": "HTTP://WWW.SAAMBULANCE.COM.AU",
                "facility_attribute_date": null,
                "facility_source": "HTTP://WWW.SAAMBULANCE.COM.AU",
                "facility_date": null,
                "facility_spatial_confidence": null,
                "facility_revised": "2018-08-18T00:00:00Z",
                "facility_lat": "-34.94622499999997",
                "facility_long": "138.57719100000008",
                "validated": null,
                "gnaf_building_name": null,
                "gnaf_address_detail_pid": "GASA_424345022",
                "gnaf_formatted_address": "24 ALEXANDER AVENUE",
                "gnaf_confidence": "1",
                "gnaf_postcode": "5035",
                "gnaf_suburb": "ASHFORD",
                "distance_to_gnaf": 61,
                "gnaf_lat": "-34.94661221999996",
                "gnaf_long": "138.57672020000007",
                "comment_": null
            }
        },
        {
            "type": "Feature",
            "geometry": {
                "type": "Point",
                "coordinates": [
                    138.418887,
                    -34.140062
                ]
            },
            "properties": {
                "objectid": 552,
                "featuretype": "EMERGENCY FACILITY",
                "descripton": "An emergency management facility from which a particular agency’s resources are commanded, coordinated and assigned to an incident or emergency",
                "class": "AMBULANCE STATION",
                "lhn_code": "YNLHN",
                "facility_name": "BALAKLAVA STATION",
                "facility_operationalstatus": "OPERATIONAL",
                "facility_address": "WAR MEMORIAL DRIVE",
                "abs_suburb": "BALAKLAVA",
                "facility_state": "SOUTH AUSTRALIA",
                "abs_postcode": "5461",
                "facility_attribute_source": "HTTP://WWW.SAAMBULANCE.COM.AU",
                "facility_attribute_date": null,
                "facility_source": "HTTP://WWW.SAAMBULANCE.COM.AU",
                "facility_date": null,
                "facility_spatial_confidence": null,
                "facility_revised": "2018-08-18T00:00:00Z",
                "facility_lat": "-34.140076000999954",
                "facility_long": "138.41888000000006",
                "validated": null,
                "gnaf_building_name": null,
                "gnaf_address_detail_pid": "GASA_415459379",
                "gnaf_formatted_address": "14 WAR MEMORIAL DRIVE",
                "gnaf_confidence": "1",
                "gnaf_postcode": "5461",
                "gnaf_suburb": "BALAKLAVA",
                "distance_to_gnaf": 39,
                "gnaf_lat": "-34.140169999999955",
                "gnaf_long": "138.41929238000012",
                "comment_": null
            }
        },
        {
            "type": "Feature",
            "geometry": {
                "type": "Point",
                "coordinates": [
                    140.466482,
                    -34.252985
                ]
            },
            "properties": {
                "objectid": 554,
                "featuretype": "EMERGENCY FACILITY",
                "descripton": "An emergency management facility from which a particular agency’s resources are commanded, coordinated and assigned to an incident or emergency",
                "class": "AMBULANCE STATION",
                "lhn_code": "RMCLHN",
                "facility_name": "BARMERA STATION",
                "facility_operationalstatus": "OPERATIONAL",
                "facility_address": "LOT 674 LANGDON TERRACE",
                "abs_suburb": "BARMERA",
                "facility_state": "SOUTH AUSTRALIA",
                "abs_postcode": "5345",
                "facility_attribute_source": "HTTP://WWW.SAAMBULANCE.COM.AU",
                "facility_attribute_date": null,
                "facility_source": "HTTP://WWW.SAAMBULANCE.COM.AU",
                "facility_date": null,
                "facility_spatial_confidence": null,
                "facility_revised": "2018-08-18T00:00:00Z",
                "facility_lat": "-34.25299800099998",
                "facility_long": "140.46647500000006",
                "validated": null,
                "gnaf_building_name": null,
                "gnaf_address_detail_pid": "GASA_424185404",
                "gnaf_formatted_address": "LOT 674 LANGDON TERRACE",
                "gnaf_confidence": "0",
                "gnaf_postcode": "5345",
                "gnaf_suburb": "BARMERA",
                "distance_to_gnaf": 23,
                "gnaf_lat": "-34.25312302999998",
                "gnaf_long": "140.4666716900001",
                "comment_": null
            }
        },
        {
            "type": "Feature",
            "geometry": {
                "type": "Point",
                "coordinates": [
                    140.601809,
                    -34.27737
                ]
            },
            "properties": {
                "objectid": 564,
                "featuretype": "EMERGENCY FACILITY",
                "descripton": "An emergency management facility from which a particular agency’s resources are commanded, coordinated and assigned to an incident or emergency",
                "class": "AMBULANCE STATION",
                "lhn_code": "RMCLHN",
                "facility_name": "BERRI STATION",
                "facility_operationalstatus": "OPERATIONAL",
                "facility_address": "LOT 801 CORNWALL STREET",
                "abs_suburb": "BERRI",
                "facility_state": "SOUTH AUSTRALIA",
                "abs_postcode": "5343",
                "facility_attribute_source": "HTTP://WWW.SAAMBULANCE.COM.AU",
                "facility_attribute_date": null,
                "facility_source": "HTTP://WWW.SAAMBULANCE.COM.AU",
                "facility_date": null,
                "facility_spatial_confidence": null,
                "facility_revised": "2018-08-18T00:00:00Z",
                "facility_lat": "-34.277383000999976",
                "facility_long": "140.60180200000002",
                "validated": null,
                "gnaf_building_name": "SA AMBULANCE SERVIE",
                "gnaf_address_detail_pid": "GASA_417038982",
                "gnaf_formatted_address": "25 CORNWALL STREET",
                "gnaf_confidence": "1",
                "gnaf_postcode": "5343",
                "gnaf_suburb": "BERRI",
                "distance_to_gnaf": 25,
                "gnaf_lat": "-34.27731705999997",
                "gnaf_long": "140.60206613000003",
                "comment_": null
            }
        },
        {
            "type": "Feature",
            "geometry": {
                "type": "Point",
                "coordinates": [
                    138.350836,
                    -32.877024
                ]
            },
            "properties": {
                "objectid": 566,
                "featuretype": "EMERGENCY FACILITY",
                "descripton": "An emergency management facility from which a particular agency’s resources are commanded, coordinated and assigned to an incident or emergency",
                "class": "AMBULANCE STATION",
                "lhn_code": "YNLHN",
                "facility_name": "BOOLEROO CENTRE STATION",
                "facility_operationalstatus": "OPERATIONAL",
                "facility_address": "3-13 STEPHENS STREET",
                "abs_suburb": "BOOLEROO CENTRE",
                "facility_state": "SOUTH AUSTRALIA",
                "abs_postcode": "5482",
                "facility_attribute_source": "HTTP://WWW.SAAMBULANCE.COM.AU",
                "facility_attribute_date": null,
                "facility_source": "HTTP://WWW.SAAMBULANCE.COM.AU",
                "facility_date": null,
                "facility_spatial_confidence": null,
                "facility_revised": "2018-08-18T00:00:00Z",
                "facility_lat": "-32.87703800099996",
                "facility_long": "138.3508290000001",
                "validated": null,
                "gnaf_building_name": "HOSPITAL",
                "gnaf_address_detail_pid": "GASA_425452329",
                "gnaf_formatted_address": "3-13 STEPHENS STREET",
                "gnaf_confidence": "1",
                "gnaf_postcode": "5482",
                "gnaf_suburb": "BOOLEROO CENTRE",
                "distance_to_gnaf": 76,
                "gnaf_lat": "-32.87757511999996",
                "gnaf_long": "138.35133730000007",
                "comment_": null
            }
        },
        {
            "type": "Feature",
            "geometry": {
                "type": "Point",
                "coordinates": [
                    140.769809,
                    -36.308202
                ]
            },
            "properties": {
                "objectid": 567,
                "featuretype": "EMERGENCY FACILITY",
                "descripton": "An emergency management facility from which a particular agency’s resources are commanded, coordinated and assigned to an incident or emergency",
                "class": "AMBULANCE STATION",
                "lhn_code": "LCLHN",
                "facility_name": "BORDERTOWN STATION",
                "facility_operationalstatus": "OPERATIONAL",
                "facility_address": "SEC 980 TATIARA TERRACE",
                "abs_suburb": "BORDERTOWN",
                "facility_state": "SOUTH AUSTRALIA",
                "abs_postcode": "5268",
                "facility_attribute_source": "HTTP://WWW.SAAMBULANCE.COM.AU",
                "facility_attribute_date": null,
                "facility_source": "HTTP://WWW.SAAMBULANCE.COM.AU",
                "facility_date": null,
                "facility_spatial_confidence": null,
                "facility_revised": "2018-08-18T00:00:00Z",
                "facility_lat": "-36.30821500099995",
                "facility_long": "140.76980199900004",
                "validated": null,
                "gnaf_building_name": null,
                "gnaf_address_detail_pid": "GASA_424406152",
                "gnaf_formatted_address": "LOT 980 TATIARA TERRACE",
                "gnaf_confidence": "-1",
                "gnaf_postcode": "5268",
                "gnaf_suburb": "BORDERTOWN",
                "distance_to_gnaf": 3,
                "gnaf_lat": "-36.30824484999994",
                "gnaf_long": "140.76979775000007",
                "comment_": null
            }
        },
        {
            "type": "Feature",
            "geometry": {
                "type": "Point",
                "coordinates": [
                    138.53737,
                    -34.966342
                ]
            },
            "properties": {
                "objectid": 571,
                "featuretype": "EMERGENCY FACILITY",
                "descripton": "An emergency management facility from which a particular agency’s resources are commanded, coordinated and assigned to an incident or emergency",
                "class": "AMBULANCE STATION",
                "lhn_code": "",
                "facility_name": "CAMDEN PARK STATION",
                "facility_operationalstatus": "OPERATIONAL",
                "facility_address": "65-69 MORPHETT ROAD",
                "abs_suburb": "CAMDEN PARK",
                "facility_state": "SOUTH AUSTRALIA",
                "abs_postcode": "5038",
                "facility_attribute_source": "HTTP://WWW.SAAMBULANCE.COM.AU",
                "facility_attribute_date": null,
                "facility_source": "HTTP://WWW.SAAMBULANCE.COM.AU",
                "facility_date": null,
                "facility_spatial_confidence": null,
                "facility_revised": "2018-08-18T00:00:00Z",
                "facility_lat": "-34.96635600099995",
                "facility_long": "138.53736300100002",
                "validated": null,
                "gnaf_building_name": "SAMFS",
                "gnaf_address_detail_pid": "GASA_415011985",
                "gnaf_formatted_address": "65-69 MORPHETT ROAD",
                "gnaf_confidence": "2",
                "gnaf_postcode": "5038",
                "gnaf_suburb": "CAMDEN PARK",
                "distance_to_gnaf": 13,
                "gnaf_lat": "-34.96645211999993",
                "gnaf_long": "138.5374450800001",
                "comment_": null
            }
        },
        {
            "type": "Feature",
            "geometry": {
                "type": "Point",
                "coordinates": [
                    138.537379,
                    -34.966328
                ]
            },
            "properties": {
                "objectid": 572,
                "featuretype": "EMERGENCY FACILITY",
                "descripton": "An emergency management facility from which a particular agency’s resources are commanded, coordinated and assigned to an incident or emergency",
                "class": "AMBULANCE STATION",
                "lhn_code": "CALHN",
                "facility_name": "BROOKLYN PARK STATION",
                "facility_operationalstatus": "OPERATIONAL",
                "facility_address": "65-69 MORPHETT ROAD",
                "abs_suburb": "CAMDEN PARK",
                "facility_state": "SOUTH AUSTRALIA",
                "abs_postcode": "5038",
                "facility_attribute_source": "HTTP://WWW.SAAMBULANCE.COM.AU",
                "facility_attribute_date": null,
                "facility_source": "HTTP://WWW.SAAMBULANCE.COM.AU",
                "facility_date": null,
                "facility_spatial_confidence": null,
                "facility_revised": "2018-08-18T00:00:00Z",
                "facility_lat": "-34.96634200099993",
                "facility_long": "138.5373720010001",
                "validated": null,
                "gnaf_building_name": "SAMFS",
                "gnaf_address_detail_pid": "GASA_415011985",
                "gnaf_formatted_address": "65-69 MORPHETT ROAD",
                "gnaf_confidence": "2",
                "gnaf_postcode": "5038",
                "gnaf_suburb": "CAMDEN PARK",
                "distance_to_gnaf": 14,
                "gnaf_lat": "-34.96645211999993",
                "gnaf_long": "138.5374450800001",
                "comment_": null
            }
        },
        {
            "type": "Feature",
            "geometry": {
                "type": "Point",
                "coordinates": [
                    133.67403,
                    -32.127683
                ]
            },
            "properties": {
                "objectid": 573,
                "featuretype": "EMERGENCY FACILITY",
                "descripton": "An emergency management facility from which a particular agency’s resources are commanded, coordinated and assigned to an incident or emergency",
                "class": "AMBULANCE STATION",
                "lhn_code": "EFNLHN",
                "facility_name": "CEDUNA STATION",
                "facility_operationalstatus": "OPERATIONAL",
                "facility_address": "32 POYNTON STREET",
                "abs_suburb": "CEDUNA",
                "facility_state": "SOUTH AUSTRALIA",
                "abs_postcode": "5690",
                "facility_attribute_source": "HTTP://WWW.SAAMBULANCE.COM.AU",
                "facility_attribute_date": null,
                "facility_source": "HTTP://WWW.SAAMBULANCE.COM.AU",
                "facility_date": null,
                "facility_spatial_confidence": null,
                "facility_revised": "2018-08-18T00:00:00Z",
                "facility_lat": "-32.127697000999945",
                "facility_long": "133.67402199900005",
                "validated": null,
                "gnaf_building_name": null,
                "gnaf_address_detail_pid": "GASA_415071011",
                "gnaf_formatted_address": "32 POYNTON STREET",
                "gnaf_confidence": "1",
                "gnaf_postcode": "5690",
                "gnaf_suburb": "CEDUNA",
                "distance_to_gnaf": 14,
                "gnaf_lat": "-32.12766134999998",
                "gnaf_long": "133.67416140000012",
                "comment_": null
            }
        },
        {
            "type": "Feature",
            "geometry": {
                "type": "Point",
                "coordinates": [
                    138.61365,
                    -33.830054
                ]
            },
            "properties": {
                "objectid": 574,
                "featuretype": "EMERGENCY FACILITY",
                "descripton": "An emergency management facility from which a particular agency’s resources are commanded, coordinated and assigned to an incident or emergency",
                "class": "AMBULANCE STATION",
                "lhn_code": "YNLHN",
                "facility_name": "CLARE STATION",
                "facility_operationalstatus": "OPERATIONAL",
                "facility_address": "WEBB STREET",
                "abs_suburb": "CLARE",
                "facility_state": "SOUTH AUSTRALIA",
                "abs_postcode": "5453",
                "facility_attribute_source": "HTTP://WWW.SAAMBULANCE.COM.AU",
                "facility_attribute_date": null,
                "facility_source": "HTTP://WWW.SAAMBULANCE.COM.AU",
                "facility_date": null,
                "facility_spatial_confidence": null,
                "facility_revised": "2018-08-18T00:00:00Z",
                "facility_lat": "-33.83006800099997",
                "facility_long": "138.613643001",
                "validated": null,
                "gnaf_building_name": null,
                "gnaf_address_detail_pid": "GASA_424339852",
                "gnaf_formatted_address": "LOT 10 WEBB STREET",
                "gnaf_confidence": "0",
                "gnaf_postcode": "5453",
                "gnaf_suburb": "CLARE",
                "distance_to_gnaf": 17,
                "gnaf_lat": "-33.829977809999946",
                "gnaf_long": "138.61379109000006",
                "comment_": null
            }
        },
        {
            "type": "Feature",
            "geometry": {
                "type": "Point",
                "coordinates": [
                    136.493866,
                    -33.700854
                ]
            },
            "properties": {
                "objectid": 576,
                "featuretype": "EMERGENCY FACILITY",
                "descripton": "An emergency management facility from which a particular agency’s resources are commanded, coordinated and assigned to an incident or emergency",
                "class": "AMBULANCE STATION",
                "lhn_code": "EFNLHN",
                "facility_name": "CLEVE STATION",
                "facility_operationalstatus": "OPERATIONAL",
                "facility_address": "20 FOURTH STREET",
                "abs_suburb": "CLEVE",
                "facility_state": "SOUTH AUSTRALIA",
                "abs_postcode": "5640",
                "facility_attribute_source": "HTTP://WWW.SAAMBULANCE.COM.AU",
                "facility_attribute_date": null,
                "facility_source": "HTTP://WWW.SAAMBULANCE.COM.AU",
                "facility_date": null,
                "facility_spatial_confidence": null,
                "facility_revised": "2018-08-18T00:00:00Z",
                "facility_lat": "-33.70086799999996",
                "facility_long": "136.49385800100004",
                "validated": null,
                "gnaf_building_name": null,
                "gnaf_address_detail_pid": "GASA_415501293",
                "gnaf_formatted_address": "20 FOURTH STREET",
                "gnaf_confidence": "1",
                "gnaf_postcode": "5640",
                "gnaf_suburb": "CLEVE",
                "distance_to_gnaf": 18,
                "gnaf_lat": "-33.700864499999966",
                "gnaf_long": "136.49366425000005",
                "comment_": null
            }
        },
        {
            "type": "Feature",
            "geometry": {
                "type": "Point",
                "coordinates": [
                    135.463466,
                    -34.622607
                ]
            },
            "properties": {
                "objectid": 577,
                "featuretype": "EMERGENCY FACILITY",
                "descripton": "An emergency management facility from which a particular agency’s resources are commanded, coordinated and assigned to an incident or emergency",
                "class": "AMBULANCE STATION",
                "lhn_code": "EFNLHN",
                "facility_name": "COFFIN BAY STATION",
                "facility_operationalstatus": "OPERATIONAL",
                "facility_address": "165-181 ESPLANADE",
                "abs_suburb": "COFFIN BAY",
                "facility_state": "SOUTH AUSTRALIA",
                "abs_postcode": "5607",
                "facility_attribute_source": "HTTP://WWW.SAAMBULANCE.COM.AU",
                "facility_attribute_date": null,
                "facility_source": "HTTP://WWW.SAAMBULANCE.COM.AU",
                "facility_date": null,
                "facility_spatial_confidence": null,
                "facility_revised": "2018-08-18T00:00:00Z",
                "facility_lat": "-34.62262100099997",
                "facility_long": "135.46345800100005",
                "validated": null,
                "gnaf_building_name": null,
                "gnaf_address_detail_pid": "GASA_425436498",
                "gnaf_formatted_address": "165-181 ESPLANADE ",
                "gnaf_confidence": "1",
                "gnaf_postcode": "5607",
                "gnaf_suburb": "COFFIN BAY",
                "distance_to_gnaf": 122,
                "gnaf_lat": "-34.62152261999995",
                "gnaf_long": "135.46343531000002",
                "comment_": null
            }
        },
        {
            "type": "Feature",
            "geometry": {
                "type": "Point",
                "coordinates": [
                    139.889817,
                    -35.094937
                ]
            },
            "properties": {
                "objectid": 579,
                "featuretype": "EMERGENCY FACILITY",
                "descripton": "An emergency management facility from which a particular agency’s resources are commanded, coordinated and assigned to an incident or emergency",
                "class": "AMBULANCE STATION",
                "lhn_code": "RMCLHN",
                "facility_name": "KAROONDA STATION",
                "facility_operationalstatus": "OPERATIONAL",
                "facility_address": "LOT 55 STOKES ROAD",
                "abs_suburb": "KAROONDA",
                "facility_state": "SOUTH AUSTRALIA",
                "abs_postcode": "5307",
                "facility_attribute_source": "HTTP://WWW.SAAMBULANCE.COM.AU",
                "facility_attribute_date": null,
                "facility_source": "HTTP://WWW.SAAMBULANCE.COM.AU",
                "facility_date": null,
                "facility_spatial_confidence": null,
                "facility_revised": "2018-08-18T00:00:00Z",
                "facility_lat": "-35.09495000199996",
                "facility_long": "139.88981",
                "validated": null,
                "gnaf_building_name": null,
                "gnaf_address_detail_pid": "GASA_424416242",
                "gnaf_formatted_address": "LOT 55 STOKES ROAD",
                "gnaf_confidence": "-1",
                "gnaf_postcode": "5307",
                "gnaf_suburb": "KAROONDA",
                "distance_to_gnaf": 13,
                "gnaf_lat": "-35.09503979999994",
                "gnaf_long": "139.88972488000002",
                "comment_": null
            }
        },
        {
            "type": "Feature",
            "geometry": {
                "type": "Point",
                "coordinates": [
                    140.346076,
                    -36.097502
                ]
            },
            "properties": {
                "objectid": 580,
                "featuretype": "EMERGENCY FACILITY",
                "descripton": "An emergency management facility from which a particular agency’s resources are commanded, coordinated and assigned to an incident or emergency",
                "class": "AMBULANCE STATION",
                "lhn_code": "LCLHN",
                "facility_name": "KEITH STATION",
                "facility_operationalstatus": "OPERATIONAL",
                "facility_address": "LOT 24 HILL AVENUE",
                "abs_suburb": "KEITH",
                "facility_state": "SOUTH AUSTRALIA",
                "abs_postcode": "5267",
                "facility_attribute_source": "HTTP://WWW.SAAMBULANCE.COM.AU",
                "facility_attribute_date": null,
                "facility_source": "HTTP://WWW.SAAMBULANCE.COM.AU",
                "facility_date": null,
                "facility_spatial_confidence": null,
                "facility_revised": "2018-08-18T00:00:00Z",
                "facility_lat": "-36.09751500099998",
                "facility_long": "140.34606900000006",
                "validated": null,
                "gnaf_building_name": null,
                "gnaf_address_detail_pid": "GASA_425064653",
                "gnaf_formatted_address": "LOT 24 HILL AVENUE",
                "gnaf_confidence": "-1",
                "gnaf_postcode": "5267",
                "gnaf_suburb": "KEITH",
                "distance_to_gnaf": 2,
                "gnaf_lat": "-36.097503089999975",
                "gnaf_long": "140.34608097000012",
                "comment_": null
            }
        },
        {
            "type": "Feature",
            "geometry": {
                "type": "Point",
                "coordinates": [
                    136.41928,
                    -33.138606
                ]
            },
            "properties": {
                "objectid": 581,
                "featuretype": "EMERGENCY FACILITY",
                "descripton": "An emergency management facility from which a particular agency’s resources are commanded, coordinated and assigned to an incident or emergency",
                "class": "AMBULANCE STATION",
                "lhn_code": "EFNLHN",
                "facility_name": "KIMBA STATION",
                "facility_operationalstatus": "OPERATIONAL",
                "facility_address": "8A CROSS STREET",
                "abs_suburb": "KIMBA",
                "facility_state": "SOUTH AUSTRALIA",
                "abs_postcode": "5641",
                "facility_attribute_source": "HTTP://WWW.SAAMBULANCE.COM.AU",
                "facility_attribute_date": null,
                "facility_source": "HTTP://WWW.SAAMBULANCE.COM.AU",
                "facility_date": null,
                "facility_spatial_confidence": null,
                "facility_revised": "2018-08-18T00:00:00Z",
                "facility_lat": "-33.138619999999946",
                "facility_long": "136.4192719990001",
                "validated": null,
                "gnaf_building_name": null,
                "gnaf_address_detail_pid": "GASA_423681440",
                "gnaf_formatted_address": "8 CROSS STREET",
                "gnaf_confidence": "1",
                "gnaf_postcode": "5641",
                "gnaf_suburb": "KIMBA",
                "distance_to_gnaf": 13,
                "gnaf_lat": "-33.13863774999993",
                "gnaf_long": "136.4194042800001",
                "comment_": null
            }
        },
        {
            "type": "Feature",
            "geometry": {
                "type": "Point",
                "coordinates": [
                    137.636805,
                    -35.654665
                ]
            },
            "properties": {
                "objectid": 582,
                "featuretype": "EMERGENCY FACILITY",
                "descripton": "An emergency management facility from which a particular agency’s resources are commanded, coordinated and assigned to an incident or emergency",
                "class": "AMBULANCE STATION",
                "lhn_code": "BHFLHN",
                "facility_name": "KINGSCOTE STATION",
                "facility_operationalstatus": "OPERATIONAL",
                "facility_address": "17 MURRAY STREET",
                "abs_suburb": "KINGSCOTE",
                "facility_state": "SOUTH AUSTRALIA",
                "abs_postcode": "5223",
                "facility_attribute_source": "HTTP://WWW.SAAMBULANCE.COM.AU",
                "facility_attribute_date": null,
                "facility_source": "HTTP://WWW.SAAMBULANCE.COM.AU",
                "facility_date": null,
                "facility_spatial_confidence": null,
                "facility_revised": "2018-08-18T00:00:00Z",
                "facility_lat": "-35.65467900099998",
                "facility_long": "137.6367980000001",
                "validated": null,
                "gnaf_building_name": null,
                "gnaf_address_detail_pid": "GASA_415557147",
                "gnaf_formatted_address": "17 MURRAY STREET",
                "gnaf_confidence": "1",
                "gnaf_postcode": "5223",
                "gnaf_suburb": "KINGSCOTE",
                "distance_to_gnaf": 6,
                "gnaf_lat": "-35.65468779999998",
                "gnaf_long": "137.63673388000007",
                "comment_": null
            }
        },
        {
            "type": "Feature",
            "geometry": {
                "type": "Point",
                "coordinates": [
                    139.85379,
                    -36.840355
                ]
            },
            "properties": {
                "objectid": 583,
                "featuretype": "EMERGENCY FACILITY",
                "descripton": "An emergency management facility from which a particular agency’s resources are commanded, coordinated and assigned to an incident or emergency",
                "class": "AMBULANCE STATION",
                "lhn_code": "LCLHN",
                "facility_name": "KINGSTON STATION",
                "facility_operationalstatus": "OPERATIONAL",
                "facility_address": "2 SMITHS LANE",
                "abs_suburb": "KINGSTON SE",
                "facility_state": "SOUTH AUSTRALIA",
                "abs_postcode": "5275",
                "facility_attribute_source": "HTTP://WWW.SAAMBULANCE.COM.AU",
                "facility_attribute_date": null,
                "facility_source": "HTTP://WWW.SAAMBULANCE.COM.AU",
                "facility_date": null,
                "facility_spatial_confidence": null,
                "facility_revised": "2018-08-18T00:00:00Z",
                "facility_lat": "-36.840368000999945",
                "facility_long": "139.853783001",
                "validated": null,
                "gnaf_building_name": null,
                "gnaf_address_detail_pid": "GASA_425353760",
                "gnaf_formatted_address": "LOT 4 EAST TERRACE",
                "gnaf_confidence": "0",
                "gnaf_postcode": "5275",
                "gnaf_suburb": "KINGSTON SE",
                "distance_to_gnaf": 25,
                "gnaf_lat": "-36.840176749999955",
                "gnaf_long": "139.8536426500001",
                "comment_": null
            }
        },
        {
            "type": "Feature",
            "geometry": {
                "type": "Point",
                "coordinates": [
                    140.515148,
                    -35.328767
                ]
            },
            "properties": {
                "objectid": 585,
                "featuretype": "EMERGENCY FACILITY",
                "descripton": "An emergency management facility from which a particular agency’s resources are commanded, coordinated and assigned to an incident or emergency",
                "class": "AMBULANCE STATION",
                "lhn_code": "RMCLHN",
                "facility_name": "LAMEROO STATION",
                "facility_operationalstatus": "OPERATIONAL",
                "facility_address": "LOT 1 CHANDOS TERRACE",
                "abs_suburb": "LAMEROO",
                "facility_state": "SOUTH AUSTRALIA",
                "abs_postcode": "5302",
                "facility_attribute_source": "HTTP://WWW.SAAMBULANCE.COM.AU",
                "facility_attribute_date": null,
                "facility_source": "HTTP://WWW.SAAMBULANCE.COM.AU",
                "facility_date": null,
                "facility_spatial_confidence": null,
                "facility_revised": "2018-08-18T00:00:00Z",
                "facility_lat": "-35.32877999999994",
                "facility_long": "140.51514100000009",
                "validated": null,
                "gnaf_building_name": null,
                "gnaf_address_detail_pid": "GASA_424149530",
                "gnaf_formatted_address": "LOT 1 CHANDOS TERRACE",
                "gnaf_confidence": "1",
                "gnaf_postcode": "5302",
                "gnaf_suburb": "LAMEROO",
                "distance_to_gnaf": 1472,
                "gnaf_lat": "-35.33970372999994",
                "gnaf_long": "140.50594619000003",
                "comment_": null
            }
        },
        {
            "type": "Feature",
            "geometry": {
                "type": "Point",
                "coordinates": [
                    138.398329,
                    -30.591495
                ]
            },
            "properties": {
                "objectid": 586,
                "featuretype": "EMERGENCY FACILITY",
                "descripton": "An emergency management facility from which a particular agency’s resources are commanded, coordinated and assigned to an incident or emergency",
                "class": "AMBULANCE STATION",
                "lhn_code": "FUNLHN",
                "facility_name": "LEIGH CREEK STATION",
                "facility_operationalstatus": "OPERATIONAL",
                "facility_address": "PT LT 305 BLACK OAK DRIVE",
                "abs_suburb": "LEIGH CREEK",
                "facility_state": "SOUTH AUSTRALIA",
                "abs_postcode": "5731",
                "facility_attribute_source": "HTTP://WWW.SAAMBULANCE.COM.AU",
                "facility_attribute_date": null,
                "facility_source": "HTTP://WWW.SAAMBULANCE.COM.AU",
                "facility_date": null,
                "facility_spatial_confidence": null,
                "facility_revised": "2018-08-18T00:00:00Z",
                "facility_lat": "-30.591509000999963",
                "facility_long": "138.3983210010001",
                "validated": null,
                "gnaf_building_name": null,
                "gnaf_address_detail_pid": "GASA_424289860",
                "gnaf_formatted_address": "LOT 305 BLACK OAK DRIVE",
                "gnaf_confidence": "0",
                "gnaf_postcode": "5731",
                "gnaf_suburb": "LEIGH CREEK",
                "distance_to_gnaf": 21,
                "gnaf_lat": "-30.591603539999937",
                "gnaf_long": "138.39851131000012",
                "comment_": null
            }
        },
        {
            "type": "Feature",
            "geometry": {
                "type": "Point",
                "coordinates": [
                    135.755657,
                    -33.565545
                ]
            },
            "properties": {
                "objectid": 587,
                "featuretype": "EMERGENCY FACILITY",
                "descripton": "An emergency management facility from which a particular agency’s resources are commanded, coordinated and assigned to an incident or emergency",
                "class": "AMBULANCE STATION",
                "lhn_code": "EFNLHN",
                "facility_name": "LOCK STATION",
                "facility_operationalstatus": "OPERATIONAL",
                "facility_address": "34 DEARMAN STREET",
                "abs_suburb": "LOCK",
                "facility_state": "SOUTH AUSTRALIA",
                "abs_postcode": "5633",
                "facility_attribute_source": "HTTP://WWW.SAAMBULANCE.COM.AU",
                "facility_attribute_date": null,
                "facility_source": "HTTP://WWW.SAAMBULANCE.COM.AU",
                "facility_date": null,
                "facility_spatial_confidence": null,
                "facility_revised": "2018-08-18T00:00:00Z",
                "facility_lat": "-33.56555900099994",
                "facility_long": "135.75564900000006",
                "validated": null,
                "gnaf_building_name": null,
                "gnaf_address_detail_pid": "GASA_416100813",
                "gnaf_formatted_address": "34 DEARMAN STREET",
                "gnaf_confidence": "1",
                "gnaf_postcode": "5633",
                "gnaf_suburb": "LOCK",
                "distance_to_gnaf": 16,
                "gnaf_lat": "-33.56549861999997",
                "gnaf_long": "135.75580137000009",
                "comment_": null
            }
        },
        {
            "type": "Feature",
            "geometry": {
                "type": "Point",
                "coordinates": [
                    140.57353,
                    -34.453427
                ]
            },
            "properties": {
                "objectid": 589,
                "featuretype": "EMERGENCY FACILITY",
                "descripton": "An emergency management facility from which a particular agency’s resources are commanded, coordinated and assigned to an incident or emergency",
                "class": "AMBULANCE STATION",
                "lhn_code": "RMCLHN",
                "facility_name": "LOXTON STATION",
                "facility_operationalstatus": "OPERATIONAL",
                "facility_address": "KOKODA TERRACE",
                "abs_suburb": "LOXTON",
                "facility_state": "SOUTH AUSTRALIA",
                "abs_postcode": "5333",
                "facility_attribute_source": "HTTP://WWW.SAAMBULANCE.COM.AU",
                "facility_attribute_date": null,
                "facility_source": "HTTP://WWW.SAAMBULANCE.COM.AU",
                "facility_date": null,
                "facility_spatial_confidence": null,
                "facility_revised": "2018-08-18T00:00:00Z",
                "facility_lat": "-34.45344000099993",
                "facility_long": "140.573523001",
                "validated": null,
                "gnaf_building_name": null,
                "gnaf_address_detail_pid": "GASA_424111468",
                "gnaf_formatted_address": "LOT 87 KOKODA TERRACE",
                "gnaf_confidence": "0",
                "gnaf_postcode": "5333",
                "gnaf_suburb": "LOXTON",
                "distance_to_gnaf": 54,
                "gnaf_lat": "-34.45356923999998",
                "gnaf_long": "140.5729613000001",
                "comment_": null
            }
        },
        {
            "type": "Feature",
            "geometry": {
                "type": "Point",
                "coordinates": [
                    140.367133,
                    -36.97243
                ]
            },
            "properties": {
                "objectid": 590,
                "featuretype": "EMERGENCY FACILITY",
                "descripton": "An emergency management facility from which a particular agency’s resources are commanded, coordinated and assigned to an incident or emergency",
                "class": "AMBULANCE STATION",
                "lhn_code": "LCLHN",
                "facility_name": "LUCINDALE STATION",
                "facility_operationalstatus": "OPERATIONAL",
                "facility_address": "MUSGRAVE AVENUE",
                "abs_suburb": "LUCINDALE",
                "facility_state": "SOUTH AUSTRALIA",
                "abs_postcode": "5272",
                "facility_attribute_source": "HTTP://WWW.SAAMBULANCE.COM.AU",
                "facility_attribute_date": null,
                "facility_source": "HTTP://WWW.SAAMBULANCE.COM.AU",
                "facility_date": null,
                "facility_spatial_confidence": null,
                "facility_revised": "2018-08-18T00:00:00Z",
                "facility_lat": "-36.97244300099993",
                "facility_long": "140.3671260000001",
                "validated": null,
                "gnaf_building_name": null,
                "gnaf_address_detail_pid": "GASA_424194533",
                "gnaf_formatted_address": "LOT 221 MUSGRAVE AVENUE",
                "gnaf_confidence": "0",
                "gnaf_postcode": "5272",
                "gnaf_suburb": "LUCINDALE",
                "distance_to_gnaf": 19,
                "gnaf_lat": "-36.97228661999998",
                "gnaf_long": "140.36704413000007",
                "comment_": null
            }
        },
        {
            "type": "Feature",
            "geometry": {
                "type": "Point",
                "coordinates": [
                    137.673772,
                    -34.370876
                ]
            },
            "properties": {
                "objectid": 591,
                "featuretype": "EMERGENCY FACILITY",
                "descripton": "An emergency management facility from which a particular agency’s resources are commanded, coordinated and assigned to an incident or emergency",
                "class": "AMBULANCE STATION",
                "lhn_code": "YNLHN",
                "facility_name": "MAITLAND STATION",
                "facility_operationalstatus": "OPERATIONAL",
                "facility_address": "68 ROBERT STREET",
                "abs_suburb": "MAITLAND",
                "facility_state": "SOUTH AUSTRALIA",
                "abs_postcode": "5573",
                "facility_attribute_source": "HTTP://WWW.SAAMBULANCE.COM.AU",
                "facility_attribute_date": null,
                "facility_source": "HTTP://WWW.SAAMBULANCE.COM.AU",
                "facility_date": null,
                "facility_spatial_confidence": null,
                "facility_revised": "2018-08-18T00:00:00Z",
                "facility_lat": "-34.370890000999964",
                "facility_long": "137.67376500000012",
                "validated": null,
                "gnaf_building_name": "HOSPITAL",
                "gnaf_address_detail_pid": "GASA_417122975",
                "gnaf_formatted_address": "68 ROBERT STREET",
                "gnaf_confidence": "2",
                "gnaf_postcode": "5573",
                "gnaf_suburb": "MAITLAND",
                "distance_to_gnaf": 70,
                "gnaf_lat": "-34.37033352999998",
                "gnaf_long": "137.67412323000008",
                "comment_": null
            }
        },
        {
            "type": "Feature",
            "geometry": {
                "type": "Point",
                "coordinates": [
                    138.509549,
                    -34.438357
                ]
            },
            "properties": {
                "objectid": 592,
                "featuretype": "EMERGENCY FACILITY",
                "descripton": "An emergency management facility from which a particular agency’s resources are commanded, coordinated and assigned to an incident or emergency",
                "class": "AMBULANCE STATION",
                "lhn_code": "BHFLHN",
                "facility_name": "MALLALA STATION",
                "facility_operationalstatus": "OPERATIONAL",
                "facility_address": "LOT 747 ADELAIDE ROAD",
                "abs_suburb": "MALLALA",
                "facility_state": "SOUTH AUSTRALIA",
                "abs_postcode": "5502",
                "facility_attribute_source": "HTTP://WWW.SAAMBULANCE.COM.AU",
                "facility_attribute_date": null,
                "facility_source": "HTTP://WWW.SAAMBULANCE.COM.AU",
                "facility_date": null,
                "facility_spatial_confidence": null,
                "facility_revised": "2018-08-18T00:00:00Z",
                "facility_lat": "-34.43837100099995",
                "facility_long": "138.50954199900002",
                "validated": null,
                "gnaf_building_name": null,
                "gnaf_address_detail_pid": "GASA_424151334",
                "gnaf_formatted_address": "LOT 747 ADELAIDE ROAD",
                "gnaf_confidence": "0",
                "gnaf_postcode": "5502",
                "gnaf_suburb": "MALLALA",
                "distance_to_gnaf": 9,
                "gnaf_lat": "-34.43841380999993",
                "gnaf_long": "138.50962285000003",
                "comment_": null
            }
        },
        {
            "type": "Feature",
            "geometry": {
                "type": "Point",
                "coordinates": [
                    139.30197,
                    -34.914493
                ]
            },
            "properties": {
                "objectid": 594,
                "featuretype": "EMERGENCY FACILITY",
                "descripton": "An emergency management facility from which a particular agency’s resources are commanded, coordinated and assigned to an incident or emergency",
                "class": "AMBULANCE STATION",
                "lhn_code": "RMCLHN",
                "facility_name": "MANNUM STATION",
                "facility_operationalstatus": "OPERATIONAL",
                "facility_address": "ADELAIDE ROAD",
                "abs_suburb": "MANNUM",
                "facility_state": "SOUTH AUSTRALIA",
                "abs_postcode": "5238",
                "facility_attribute_source": "HTTP://WWW.SAAMBULANCE.COM.AU",
                "facility_attribute_date": null,
                "facility_source": "HTTP://WWW.SAAMBULANCE.COM.AU",
                "facility_date": null,
                "facility_spatial_confidence": null,
                "facility_revised": "2018-08-18T00:00:00Z",
                "facility_lat": "-34.91450700099995",
                "facility_long": "139.30196300000011",
                "validated": null,
                "gnaf_building_name": null,
                "gnaf_address_detail_pid": "GASA_424922194",
                "gnaf_formatted_address": "56 ADELAIDE ROAD",
                "gnaf_confidence": "1",
                "gnaf_postcode": "5238",
                "gnaf_suburb": "MANNUM",
                "distance_to_gnaf": 29,
                "gnaf_lat": "-34.914732079999965",
                "gnaf_long": "139.30179528000008",
                "comment_": null
            }
        },
        {
            "type": "Feature",
            "geometry": {
                "type": "Point",
                "coordinates": [
                    136.980309,
                    -35.237444
                ]
            },
            "properties": {
                "objectid": 595,
                "featuretype": "EMERGENCY FACILITY",
                "descripton": "An emergency management facility from which a particular agency’s resources are commanded, coordinated and assigned to an incident or emergency",
                "class": "AMBULANCE STATION",
                "lhn_code": "YNLHN",
                "facility_name": "MARION BAY STATION",
                "facility_operationalstatus": "OPERATIONAL",
                "facility_address": "10-20 SLOW STREET",
                "abs_suburb": "MARION BAY",
                "facility_state": "SOUTH AUSTRALIA",
                "abs_postcode": "5575",
                "facility_attribute_source": "HTTP://WWW.SAAMBULANCE.COM.AU",
                "facility_attribute_date": null,
                "facility_source": "HTTP://WWW.SAAMBULANCE.COM.AU",
                "facility_date": null,
                "facility_spatial_confidence": null,
                "facility_revised": "2018-08-18T00:00:00Z",
                "facility_lat": "-35.23745799999995",
                "facility_long": "136.98030199900006",
                "validated": null,
                "gnaf_building_name": null,
                "gnaf_address_detail_pid": "GASA_415035700",
                "gnaf_formatted_address": "10-20 SLOW STREET",
                "gnaf_confidence": "2",
                "gnaf_postcode": "5575",
                "gnaf_suburb": "MARION BAY",
                "distance_to_gnaf": 26,
                "gnaf_lat": "-35.23763584999995",
                "gnaf_long": "136.98048075000008",
                "comment_": null
            }
        },
        {
            "type": "Feature",
            "geometry": {
                "type": "Point",
                "coordinates": [
                    133.622838,
                    -27.30206
                ]
            },
            "properties": {
                "objectid": 596,
                "featuretype": "EMERGENCY FACILITY",
                "descripton": "An emergency management facility from which a particular agency’s resources are commanded, coordinated and assigned to an incident or emergency",
                "class": "AMBULANCE STATION",
                "lhn_code": "EFNLHN",
                "facility_name": "MARLA STATION",
                "facility_operationalstatus": "OPERATIONAL",
                "facility_address": "LOT 9 PLOVER STREET",
                "abs_suburb": "MARLA",
                "facility_state": "SOUTH AUSTRALIA",
                "abs_postcode": "5724",
                "facility_attribute_source": "HTTP://WWW.SAAMBULANCE.COM.AU",
                "facility_attribute_date": null,
                "facility_source": "HTTP://WWW.SAAMBULANCE.COM.AU",
                "facility_date": null,
                "facility_spatial_confidence": null,
                "facility_revised": "2018-08-18T00:00:00Z",
                "facility_lat": "-27.302073999999948",
                "facility_long": "133.622830001",
                "validated": null,
                "gnaf_building_name": null,
                "gnaf_address_detail_pid": "GASA_424201306",
                "gnaf_formatted_address": "LOT 9 PLOVER STREET",
                "gnaf_confidence": "0",
                "gnaf_postcode": "5724",
                "gnaf_suburb": "MARLA",
                "distance_to_gnaf": 67,
                "gnaf_lat": "-27.30149500999994",
                "gnaf_long": "133.62303063000002",
                "comment_": null
            }
        },
        {
            "type": "Feature",
            "geometry": {
                "type": "Point",
                "coordinates": [
                    138.544546,
                    -35.220777
                ]
            },
            "properties": {
                "objectid": 597,
                "featuretype": "EMERGENCY FACILITY",
                "descripton": "An emergency management facility from which a particular agency’s resources are commanded, coordinated and assigned to an incident or emergency",
                "class": "AMBULANCE STATION",
                "lhn_code": "SALHN",
                "facility_name": "MCLAREN VALE STATION",
                "facility_operationalstatus": "OPERATIONAL",
                "facility_address": "ALDERSEY STREET",
                "abs_suburb": "MCLAREN VALE",
                "facility_state": "SOUTH AUSTRALIA",
                "abs_postcode": "5171",
                "facility_attribute_source": "HTTP://WWW.SAAMBULANCE.COM.AU",
                "facility_attribute_date": null,
                "facility_source": "HTTP://WWW.SAAMBULANCE.COM.AU",
                "facility_date": null,
                "facility_spatial_confidence": null,
                "facility_revised": "2018-08-18T00:00:00Z",
                "facility_lat": "-35.22079099999996",
                "facility_long": "138.5445390010001",
                "validated": null,
                "gnaf_building_name": "MCLAREN VALE HOSPITAL",
                "gnaf_address_detail_pid": "GASA_424737914",
                "gnaf_formatted_address": "5-9 ALDERSEY STREET",
                "gnaf_confidence": "1",
                "gnaf_postcode": "5171",
                "gnaf_suburb": "MCLAREN VALE",
                "distance_to_gnaf": 43,
                "gnaf_lat": "-35.22108644999997",
                "gnaf_long": "138.54484633000004",
                "comment_": null
            }
        },
        {
            "type": "Feature",
            "geometry": {
                "type": "Point",
                "coordinates": [
                    138.762823,
                    -35.181153
                ]
            },
            "properties": {
                "objectid": 598,
                "featuretype": "EMERGENCY FACILITY",
                "descripton": "An emergency management facility from which a particular agency’s resources are commanded, coordinated and assigned to an incident or emergency",
                "class": "AMBULANCE STATION",
                "lhn_code": "BHFLHN",
                "facility_name": "MEADOWS STATION",
                "facility_operationalstatus": "OPERATIONAL",
                "facility_address": "70-72 MAWSON ROAD",
                "abs_suburb": "MEADOWS",
                "facility_state": "SOUTH AUSTRALIA",
                "abs_postcode": "5201",
                "facility_attribute_source": "HTTP://WWW.SAAMBULANCE.COM.AU",
                "facility_attribute_date": null,
                "facility_source": "HTTP://WWW.SAAMBULANCE.COM.AU",
                "facility_date": null,
                "facility_spatial_confidence": null,
                "facility_revised": "2018-08-18T00:00:00Z",
                "facility_lat": "-35.18116700099995",
                "facility_long": "138.76281600000004",
                "validated": null,
                "gnaf_building_name": null,
                "gnaf_address_detail_pid": "GASA_425444354",
                "gnaf_formatted_address": "70-72 MAWSON ROAD",
                "gnaf_confidence": "-1",
                "gnaf_postcode": "5201",
                "gnaf_suburb": "MEADOWS",
                "distance_to_gnaf": 10,
                "gnaf_lat": "-35.181144109999934",
                "gnaf_long": "138.76291875000004",
                "comment_": null
            }
        },
        {
            "type": "Feature",
            "geometry": {
                "type": "Point",
                "coordinates": [
                    139.33679,
                    -35.692379
                ]
            },
            "properties": {
                "objectid": 599,
                "featuretype": "EMERGENCY FACILITY",
                "descripton": "An emergency management facility from which a particular agency’s resources are commanded, coordinated and assigned to an incident or emergency",
                "class": "AMBULANCE STATION",
                "lhn_code": "RMCLHN",
                "facility_name": "MENINGIE STATION",
                "facility_operationalstatus": "OPERATIONAL",
                "facility_address": "102 PRINCES HIGHWAY",
                "abs_suburb": "MENINGIE",
                "facility_state": "SOUTH AUSTRALIA",
                "abs_postcode": "5264",
                "facility_attribute_source": "HTTP://WWW.SAAMBULANCE.COM.AU",
                "facility_attribute_date": null,
                "facility_source": "HTTP://WWW.SAAMBULANCE.COM.AU",
                "facility_date": null,
                "facility_spatial_confidence": null,
                "facility_revised": "2018-08-18T00:00:00Z",
                "facility_lat": "-35.69239200099997",
                "facility_long": "139.3367829990001",
                "validated": null,
                "gnaf_building_name": null,
                "gnaf_address_detail_pid": "GASA_415615233",
                "gnaf_formatted_address": "102 PRINCES HIGHWAY",
                "gnaf_confidence": "1",
                "gnaf_postcode": "5264",
                "gnaf_suburb": "MENINGIE",
                "distance_to_gnaf": 23,
                "gnaf_lat": "-35.69219329999993",
                "gnaf_long": "139.33686101000012",
                "comment_": null
            }
        },
        {
            "type": "Feature",
            "geometry": {
                "type": "Point",
                "coordinates": [
                    140.358007,
                    -37.598163
                ]
            },
            "properties": {
                "objectid": 600,
                "featuretype": "EMERGENCY FACILITY",
                "descripton": "An emergency management facility from which a particular agency’s resources are commanded, coordinated and assigned to an incident or emergency",
                "class": "AMBULANCE STATION",
                "lhn_code": "LCLHN",
                "facility_name": "MILLICENT STATION",
                "facility_operationalstatus": "OPERATIONAL",
                "facility_address": "MOUNT GAMBIER ROAD",
                "abs_suburb": "MILLICENT",
                "facility_state": "SOUTH AUSTRALIA",
                "abs_postcode": "5280",
                "facility_attribute_source": "HTTP://WWW.SAAMBULANCE.COM.AU",
                "facility_attribute_date": null,
                "facility_source": "HTTP://WWW.SAAMBULANCE.COM.AU",
                "facility_date": null,
                "facility_spatial_confidence": null,
                "facility_revised": "2018-08-18T00:00:00Z",
                "facility_lat": "-37.598176000999956",
                "facility_long": "140.35800000000006",
                "validated": null,
                "gnaf_building_name": "HOSP LODGE",
                "gnaf_address_detail_pid": "GASA_424319613",
                "gnaf_formatted_address": "LOT 1 MOUNT GAMBIER ROAD",
                "gnaf_confidence": "1",
                "gnaf_postcode": "5280",
                "gnaf_suburb": "MILLICENT",
                "distance_to_gnaf": 109,
                "gnaf_lat": "-37.59829525999993",
                "gnaf_long": "140.3592207900001",
                "comment_": null
            }
        },
        {
            "type": "Feature",
            "geometry": {
                "type": "Point",
                "coordinates": [
                    137.5938,
                    -34.773849
                ]
            },
            "properties": {
                "objectid": 602,
                "featuretype": "EMERGENCY FACILITY",
                "descripton": "An emergency management facility from which a particular agency’s resources are commanded, coordinated and assigned to an incident or emergency",
                "class": "AMBULANCE STATION",
                "lhn_code": "YNLHN",
                "facility_name": "MINLATON STATION",
                "facility_operationalstatus": "OPERATIONAL",
                "facility_address": "LOT 198 MAIN STREET",
                "abs_suburb": "MINLATON",
                "facility_state": "SOUTH AUSTRALIA",
                "abs_postcode": "5575",
                "facility_attribute_source": "HTTP://WWW.SAAMBULANCE.COM.AU",
                "facility_attribute_date": null,
                "facility_source": "HTTP://WWW.SAAMBULANCE.COM.AU",
                "facility_date": null,
                "facility_spatial_confidence": null,
                "facility_revised": "2018-08-18T00:00:00Z",
                "facility_lat": "-34.77386300099994",
                "facility_long": "137.59379300000012",
                "validated": null,
                "gnaf_building_name": "MINLATON DISTRICT HOSPITAL",
                "gnaf_address_detail_pid": "GASA_417123934",
                "gnaf_formatted_address": "69 MAIN STREET",
                "gnaf_confidence": "1",
                "gnaf_postcode": "5575",
                "gnaf_suburb": "MINLATON",
                "distance_to_gnaf": 40,
                "gnaf_lat": "-34.773960159999945",
                "gnaf_long": "137.59337111000002",
                "comment_": null
            }
        },
        {
            "type": "Feature",
            "geometry": {
                "type": "Point",
                "coordinates": [
                    138.564751,
                    -35.01654
                ]
            },
            "properties": {
                "objectid": 603,
                "featuretype": "EMERGENCY FACILITY",
                "descripton": "An emergency management facility from which a particular agency’s resources are commanded, coordinated and assigned to an incident or emergency",
                "class": "AMBULANCE STATION",
                "lhn_code": "SALHN",
                "facility_name": "MARION STATION",
                "facility_operationalstatus": "OPERATIONAL",
                "facility_address": "346A STURT ROAD",
                "abs_suburb": "MITCHELL PARK",
                "facility_state": "SOUTH AUSTRALIA",
                "abs_postcode": "5043",
                "facility_attribute_source": "HTTP://WWW.SAAMBULANCE.COM.AU",
                "facility_attribute_date": null,
                "facility_source": "HTTP://WWW.SAAMBULANCE.COM.AU",
                "facility_date": null,
                "facility_spatial_confidence": null,
                "facility_revised": "2018-08-18T00:00:00Z",
                "facility_lat": "-35.016554001999964",
                "facility_long": "138.56474400000002",
                "validated": null,
                "gnaf_building_name": null,
                "gnaf_address_detail_pid": "GASA_415252613",
                "gnaf_formatted_address": "346 STURT ROAD",
                "gnaf_confidence": "0",
                "gnaf_postcode": "5043",
                "gnaf_suburb": "MITCHELL PARK",
                "distance_to_gnaf": 3,
                "gnaf_lat": "-35.01657155999993",
                "gnaf_long": "138.56476342000008",
                "comment_": null
            }
        },
        {
            "type": "Feature",
            "geometry": {
                "type": "Point",
                "coordinates": [
                    137.592695,
                    -34.068307
                ]
            },
            "properties": {
                "objectid": 606,
                "featuretype": "EMERGENCY FACILITY",
                "descripton": "An emergency management facility from which a particular agency’s resources are commanded, coordinated and assigned to an incident or emergency",
                "class": "AMBULANCE STATION",
                "lhn_code": "YNLHN",
                "facility_name": "MOONTA STATION",
                "facility_operationalstatus": "OPERATIONAL",
                "facility_address": "7 RYAN STREET",
                "abs_suburb": "MOONTA",
                "facility_state": "SOUTH AUSTRALIA",
                "abs_postcode": "5558",
                "facility_attribute_source": "HTTP://WWW.SAAMBULANCE.COM.AU",
                "facility_attribute_date": null,
                "facility_source": "HTTP://WWW.SAAMBULANCE.COM.AU",
                "facility_date": null,
                "facility_spatial_confidence": null,
                "facility_revised": "2018-08-18T00:00:00Z",
                "facility_lat": "-34.06832100099996",
                "facility_long": "137.59268799900008",
                "validated": null,
                "gnaf_building_name": null,
                "gnaf_address_detail_pid": "GASA_415516258",
                "gnaf_formatted_address": "7 RYAN STREET",
                "gnaf_confidence": "2",
                "gnaf_postcode": "5558",
                "gnaf_suburb": "MOONTA",
                "distance_to_gnaf": 14,
                "gnaf_lat": "-34.06840990999996",
                "gnaf_long": "137.59279791000006",
                "comment_": null
            }
        },
        {
            "type": "Feature",
            "geometry": {
                "type": "Point",
                "coordinates": [
                    138.679295,
                    -34.7078
                ]
            },
            "properties": {
                "objectid": 608,
                "featuretype": "EMERGENCY FACILITY",
                "descripton": "An emergency management facility from which a particular agency’s resources are commanded, coordinated and assigned to an incident or emergency",
                "class": "AMBULANCE STATION",
                "lhn_code": "NALHN",
                "facility_name": "PLAYFORD STATION",
                "facility_operationalstatus": "OPERATIONAL",
                "facility_address": "LOT 1 TOLMER ROAD",
                "abs_suburb": "ELIZABETH PARK",
                "facility_state": "SOUTH AUSTRALIA",
                "abs_postcode": "5113",
                "facility_attribute_source": "HTTP://WWW.SAAMBULANCE.COM.AU",
                "facility_attribute_date": null,
                "facility_source": "HTTP://WWW.SAAMBULANCE.COM.AU",
                "facility_date": null,
                "facility_spatial_confidence": null,
                "facility_revised": "2018-08-18T00:00:00Z",
                "facility_lat": "-34.707813999999985",
                "facility_long": "138.67928799900005",
                "validated": null,
                "gnaf_building_name": null,
                "gnaf_address_detail_pid": "GASA_424123855",
                "gnaf_formatted_address": "LOT 1 TOLMER ROAD",
                "gnaf_confidence": "1",
                "gnaf_postcode": "5113",
                "gnaf_suburb": "ELIZABETH PARK",
                "distance_to_gnaf": 3,
                "gnaf_lat": "-34.70783504999997",
                "gnaf_long": "138.6792638400001",
                "comment_": null
            }
        },
        {
            "type": "Feature",
            "geometry": {
                "type": "Point",
                "coordinates": [
                    134.892795,
                    -33.648
                ]
            },
            "properties": {
                "objectid": 609,
                "featuretype": "EMERGENCY FACILITY",
                "descripton": "An emergency management facility from which a particular agency’s resources are commanded, coordinated and assigned to an incident or emergency",
                "class": "AMBULANCE STATION",
                "lhn_code": "EFNLHN",
                "facility_name": "ELLISTON STATION",
                "facility_operationalstatus": "OPERATIONAL",
                "facility_address": "4-6 MEMORIAL DRIVE",
                "abs_suburb": "ELLISTON",
                "facility_state": "SOUTH AUSTRALIA",
                "abs_postcode": "5670",
                "facility_attribute_source": "HTTP://WWW.SAAMBULANCE.COM.AU",
                "facility_attribute_date": null,
                "facility_source": "HTTP://WWW.SAAMBULANCE.COM.AU",
                "facility_date": null,
                "facility_spatial_confidence": null,
                "facility_revised": "2018-08-18T00:00:00Z",
                "facility_lat": "-33.64801399999993",
                "facility_long": "134.8927870000001",
                "validated": null,
                "gnaf_building_name": null,
                "gnaf_address_detail_pid": "GASA_425444771",
                "gnaf_formatted_address": "4-6 MEMORIAL DRIVE",
                "gnaf_confidence": "0",
                "gnaf_postcode": "5670",
                "gnaf_suburb": "ELLISTON",
                "distance_to_gnaf": 22,
                "gnaf_lat": "-33.647850339999934",
                "gnaf_long": "134.89266036000004",
                "comment_": null
            }
        },
        {
            "type": "Feature",
            "geometry": {
                "type": "Point",
                "coordinates": [
                    139.084085,
                    -34.170996
                ]
            },
            "properties": {
                "objectid": 610,
                "featuretype": "EMERGENCY FACILITY",
                "descripton": "An emergency management facility from which a particular agency’s resources are commanded, coordinated and assigned to an incident or emergency",
                "class": "AMBULANCE STATION",
                "lhn_code": "BHFLHN",
                "facility_name": "EUDUNDA STATION",
                "facility_operationalstatus": "OPERATIONAL",
                "facility_address": "BRUCE STREET",
                "abs_suburb": "EUDUNDA",
                "facility_state": "SOUTH AUSTRALIA",
                "abs_postcode": "5374",
                "facility_attribute_source": "HTTP://WWW.SAAMBULANCE.COM.AU",
                "facility_attribute_date": null,
                "facility_source": "HTTP://WWW.SAAMBULANCE.COM.AU",
                "facility_date": null,
                "facility_spatial_confidence": null,
                "facility_revised": "2018-08-18T00:00:00Z",
                "facility_lat": "-34.171010000999956",
                "facility_long": "139.0840779990001",
                "validated": null,
                "gnaf_building_name": null,
                "gnaf_address_detail_pid": "GASA_424292109",
                "gnaf_formatted_address": "LOT 26 BRUCE STREET",
                "gnaf_confidence": "-1",
                "gnaf_postcode": "5374",
                "gnaf_suburb": "EUDUNDA",
                "distance_to_gnaf": 4,
                "gnaf_lat": "-34.17099146999993",
                "gnaf_long": "139.08411438000007",
                "comment_": null
            }
        },
        {
            "type": "Feature",
            "geometry": {
                "type": "Point",
                "coordinates": [
                    138.51958,
                    -34.906501
                ]
            },
            "properties": {
                "objectid": 611,
                "featuretype": "EMERGENCY FACILITY",
                "descripton": "An emergency management facility from which a particular agency’s resources are commanded, coordinated and assigned to an incident or emergency",
                "class": "AMBULANCE STATION",
                "lhn_code": "CALHN",
                "facility_name": "FULHAM STATION",
                "facility_operationalstatus": "OPERATIONAL",
                "facility_address": "396 GRANGE ROAD",
                "abs_suburb": "FULHAM GARDENS",
                "facility_state": "SOUTH AUSTRALIA",
                "abs_postcode": "5024",
                "facility_attribute_source": "HTTP://WWW.SAAMBULANCE.COM.AU",
                "facility_attribute_date": null,
                "facility_source": "HTTP://WWW.SAAMBULANCE.COM.AU",
                "facility_date": null,
                "facility_spatial_confidence": null,
                "facility_revised": "2018-08-18T00:00:00Z",
                "facility_lat": "-34.906515001999935",
                "facility_long": "138.51957300100003",
                "validated": null,
                "gnaf_building_name": null,
                "gnaf_address_detail_pid": "GASA_415755354",
                "gnaf_formatted_address": "396 GRANGE ROAD",
                "gnaf_confidence": "1",
                "gnaf_postcode": "5024",
                "gnaf_suburb": "FULHAM GARDENS",
                "distance_to_gnaf": 69,
                "gnaf_lat": "-34.907139719999975",
                "gnaf_long": "138.5196159400001",
                "comment_": null
            }
        },
        {
            "type": "Feature",
            "geometry": {
                "type": "Point",
                "coordinates": [
                    138.748812,
                    -34.607491
                ]
            },
            "properties": {
                "objectid": 613,
                "featuretype": "EMERGENCY FACILITY",
                "descripton": "An emergency management facility from which a particular agency’s resources are commanded, coordinated and assigned to an incident or emergency",
                "class": "AMBULANCE STATION",
                "lhn_code": "BHFLHN",
                "facility_name": "GAWLER STATION",
                "facility_operationalstatus": "OPERATIONAL",
                "facility_address": "1B FIRST STREET",
                "abs_suburb": "GAWLER SOUTH",
                "facility_state": "SOUTH AUSTRALIA",
                "abs_postcode": "5118",
                "facility_attribute_source": "HTTP://WWW.SAAMBULANCE.COM.AU",
                "facility_attribute_date": null,
                "facility_source": "HTTP://WWW.SAAMBULANCE.COM.AU",
                "facility_date": null,
                "facility_spatial_confidence": null,
                "facility_revised": "2018-08-18T00:00:00Z",
                "facility_lat": "-34.607504752999944",
                "facility_long": "138.74880456300002",
                "validated": null,
                "gnaf_building_name": null,
                "gnaf_address_detail_pid": "GASA_415461635",
                "gnaf_formatted_address": "1 FIRST STREET",
                "gnaf_confidence": "2",
                "gnaf_postcode": "5118",
                "gnaf_suburb": "GAWLER SOUTH",
                "distance_to_gnaf": 6,
                "gnaf_lat": "-34.60754979999996",
                "gnaf_long": "138.74882838000008",
                "comment_": null
            }
        },
        {
            "type": "Feature",
            "geometry": {
                "type": "Point",
                "coordinates": [
                    138.354007,
                    -33.268707
                ]
            },
            "properties": {
                "objectid": 614,
                "featuretype": "EMERGENCY FACILITY",
                "descripton": "An emergency management facility from which a particular agency’s resources are commanded, coordinated and assigned to an incident or emergency",
                "class": "AMBULANCE STATION",
                "lhn_code": "YNLHN",
                "facility_name": "GLADSTONE STATION",
                "facility_operationalstatus": "OPERATIONAL",
                "facility_address": "24 HIGH STREET",
                "abs_suburb": "GLADSTONE",
                "facility_state": "SOUTH AUSTRALIA",
                "abs_postcode": "5473",
                "facility_attribute_source": "HTTP://WWW.SAAMBULANCE.COM.AU",
                "facility_attribute_date": null,
                "facility_source": "HTTP://WWW.SAAMBULANCE.COM.AU",
                "facility_date": null,
                "facility_spatial_confidence": null,
                "facility_revised": "2018-08-18T00:00:00Z",
                "facility_lat": "-33.26872100099996",
                "facility_long": "138.35400000000004",
                "validated": null,
                "gnaf_building_name": null,
                "gnaf_address_detail_pid": "GASA_415701675",
                "gnaf_formatted_address": "24 HIGH STREET",
                "gnaf_confidence": "1",
                "gnaf_postcode": "5473",
                "gnaf_suburb": "GLADSTONE",
                "distance_to_gnaf": 9,
                "gnaf_lat": "-33.26872609999998",
                "gnaf_long": "138.35390026000005",
                "comment_": null
            }
        },
        {
            "type": "Feature",
            "geometry": {
                "type": "Point",
                "coordinates": [
                    138.511355,
                    -35.127219
                ]
            },
            "properties": {
                "objectid": 618,
                "featuretype": "EMERGENCY FACILITY",
                "descripton": "An emergency management facility from which a particular agency’s resources are commanded, coordinated and assigned to an incident or emergency",
                "class": "AMBULANCE STATION",
                "lhn_code": "SALHN",
                "facility_name": "NOARLUNGA STATION",
                "facility_operationalstatus": "OPERATIONAL",
                "facility_address": "LOT 500 FLAXMILL ROAD",
                "abs_suburb": "MORPHETT VALE",
                "facility_state": "SOUTH AUSTRALIA",
                "abs_postcode": "5162",
                "facility_attribute_source": "HTTP://WWW.SAAMBULANCE.COM.AU",
                "facility_attribute_date": null,
                "facility_source": "HTTP://WWW.SAAMBULANCE.COM.AU",
                "facility_date": null,
                "facility_spatial_confidence": null,
                "facility_revised": "2018-08-18T00:00:00Z",
                "facility_lat": "-35.12723299999993",
                "facility_long": "138.5113480000001",
                "validated": null,
                "gnaf_building_name": null,
                "gnaf_address_detail_pid": "GASA_424171445",
                "gnaf_formatted_address": "LOT 500 FLAXMILL ROAD",
                "gnaf_confidence": "-1",
                "gnaf_postcode": "5162",
                "gnaf_suburb": "MORPHETT VALE",
                "distance_to_gnaf": 7,
                "gnaf_lat": "-35.12729541999994",
                "gnaf_long": "138.51136076000012",
                "comment_": null
            }
        },
        {
            "type": "Feature",
            "geometry": {
                "type": "Point",
                "coordinates": [
                    138.860168,
                    -35.068591
                ]
            },
            "properties": {
                "objectid": 620,
                "featuretype": "EMERGENCY FACILITY",
                "descripton": "An emergency management facility from which a particular agency’s resources are commanded, coordinated and assigned to an incident or emergency",
                "class": "AMBULANCE STATION",
                "lhn_code": "BHFLHN",
                "facility_name": "MOUNT BARKER STATION",
                "facility_operationalstatus": "OPERATIONAL",
                "facility_address": "21 MANN STREET",
                "abs_suburb": "MOUNT BARKER",
                "facility_state": "SOUTH AUSTRALIA",
                "abs_postcode": "5251",
                "facility_attribute_source": "HTTP://WWW.SAAMBULANCE.COM.AU",
                "facility_attribute_date": null,
                "facility_source": "HTTP://WWW.SAAMBULANCE.COM.AU",
                "facility_date": null,
                "facility_spatial_confidence": null,
                "facility_revised": "2018-08-18T00:00:00Z",
                "facility_lat": "-35.06860500099998",
                "facility_long": "138.86016100000006",
                "validated": null,
                "gnaf_building_name": null,
                "gnaf_address_detail_pid": "GASA_422065687",
                "gnaf_formatted_address": "21 MANN STREET",
                "gnaf_confidence": "1",
                "gnaf_postcode": "5251",
                "gnaf_suburb": "MOUNT BARKER",
                "distance_to_gnaf": 3,
                "gnaf_lat": "-35.06859317999994",
                "gnaf_long": "138.8601300900001",
                "comment_": null
            }
        },
        {
            "type": "Feature",
            "geometry": {
                "type": "Point",
                "coordinates": [
                    138.779764,
                    -35.499207
                ]
            },
            "properties": {
                "objectid": 623,
                "featuretype": "EMERGENCY FACILITY",
                "descripton": "An emergency management facility from which a particular agency’s resources are commanded, coordinated and assigned to an incident or emergency",
                "class": "AMBULANCE STATION",
                "lhn_code": "BHFLHN",
                "facility_name": "GOOLWA STATION",
                "facility_operationalstatus": "OPERATIONAL",
                "facility_address": "13 GARDINER STREET",
                "abs_suburb": "GOOLWA",
                "facility_state": "SOUTH AUSTRALIA",
                "abs_postcode": "5214",
                "facility_attribute_source": "HTTP://WWW.SAAMBULANCE.COM.AU",
                "facility_attribute_date": null,
                "facility_source": "HTTP://WWW.SAAMBULANCE.COM.AU",
                "facility_date": null,
                "facility_spatial_confidence": null,
                "facility_revised": "2018-08-18T00:00:00Z",
                "facility_lat": "-35.49922099999998",
                "facility_long": "138.77975700000002",
                "validated": null,
                "gnaf_building_name": null,
                "gnaf_address_detail_pid": "GASA_415033151",
                "gnaf_formatted_address": "13 GARDINER STREET",
                "gnaf_confidence": "1",
                "gnaf_postcode": "5214",
                "gnaf_suburb": "GOOLWA",
                "distance_to_gnaf": 3,
                "gnaf_lat": "-35.49922595999993",
                "gnaf_long": "138.7797896200001",
                "comment_": null
            }
        },
        {
            "type": "Feature",
            "geometry": {
                "type": "Point",
                "coordinates": [
                    138.682033,
                    -34.357139
                ]
            },
            "properties": {
                "objectid": 624,
                "featuretype": "EMERGENCY FACILITY",
                "descripton": "An emergency management facility from which a particular agency’s resources are commanded, coordinated and assigned to an incident or emergency",
                "class": "AMBULANCE STATION",
                "lhn_code": "YNLHN",
                "facility_name": "HAMLEY BRIDGE STATION",
                "facility_operationalstatus": "OPERATIONAL",
                "facility_address": "8 LIGHT",
                "abs_suburb": "HAMLEY BRIDGE",
                "facility_state": "SOUTH AUSTRALIA",
                "abs_postcode": "5401",
                "facility_attribute_source": "HTTP://WWW.SAAMBULANCE.COM.AU",
                "facility_attribute_date": null,
                "facility_source": "HTTP://WWW.SAAMBULANCE.COM.AU",
                "facility_date": null,
                "facility_spatial_confidence": null,
                "facility_revised": "2018-08-18T00:00:00Z",
                "facility_lat": "-34.35715300099997",
                "facility_long": "138.68202600000006",
                "validated": null,
                "gnaf_building_name": null,
                "gnaf_address_detail_pid": "GASA_415172837",
                "gnaf_formatted_address": "8 LIGHT STREET",
                "gnaf_confidence": "1",
                "gnaf_postcode": "5401",
                "gnaf_suburb": "HAMLEY BRIDGE",
                "distance_to_gnaf": 20,
                "gnaf_lat": "-34.357327459999965",
                "gnaf_long": "138.68197859000009",
                "comment_": null
            }
        },
        {
            "type": "Feature",
            "geometry": {
                "type": "Point",
                "coordinates": [
                    138.427595,
                    -31.893506
                ]
            },
            "properties": {
                "objectid": 625,
                "featuretype": "EMERGENCY FACILITY",
                "descripton": "An emergency management facility from which a particular agency’s resources are commanded, coordinated and assigned to an incident or emergency",
                "class": "AMBULANCE STATION",
                "lhn_code": "FUNLHN",
                "facility_name": "HAWKER STATION",
                "facility_operationalstatus": "OPERATIONAL",
                "facility_address": "WIRREANDA TERRACE",
                "abs_suburb": "HAWKER",
                "facility_state": "SOUTH AUSTRALIA",
                "abs_postcode": "5434",
                "facility_attribute_source": "HTTP://WWW.SAAMBULANCE.COM.AU",
                "facility_attribute_date": null,
                "facility_source": "HTTP://WWW.SAAMBULANCE.COM.AU",
                "facility_date": null,
                "facility_spatial_confidence": null,
                "facility_revised": "2018-08-18T00:00:00Z",
                "facility_lat": "-31.893519999999967",
                "facility_long": "138.42758800000001",
                "validated": null,
                "gnaf_building_name": null,
                "gnaf_address_detail_pid": "GASA_424341413",
                "gnaf_formatted_address": "LOT 474 WIRREANDA TERRACE",
                "gnaf_confidence": "0",
                "gnaf_postcode": "5434",
                "gnaf_suburb": "HAWKER",
                "distance_to_gnaf": 101,
                "gnaf_lat": "-31.892779839999946",
                "gnaf_long": "138.4269691600001",
                "comment_": null
            }
        },
        {
            "type": "Feature",
            "geometry": {
                "type": "Point",
                "coordinates": [
                    138.604743,
                    -33.20664
                ]
            },
            "properties": {
                "objectid": 626,
                "featuretype": "EMERGENCY FACILITY",
                "descripton": "An emergency management facility from which a particular agency’s resources are commanded, coordinated and assigned to an incident or emergency",
                "class": "AMBULANCE STATION",
                "lhn_code": "YNLHN",
                "facility_name": "JAMESTOWN STATION",
                "facility_operationalstatus": "OPERATIONAL",
                "facility_address": "LOT 14 MUIRKIRK STREET",
                "abs_suburb": "JAMESTOWN",
                "facility_state": "SOUTH AUSTRALIA",
                "abs_postcode": "5491",
                "facility_attribute_source": "HTTP://WWW.SAAMBULANCE.COM.AU",
                "facility_attribute_date": null,
                "facility_source": "HTTP://WWW.SAAMBULANCE.COM.AU",
                "facility_date": null,
                "facility_spatial_confidence": null,
                "facility_revised": "2018-08-18T00:00:00Z",
                "facility_lat": "-33.20665400099995",
                "facility_long": "138.60473600000012",
                "validated": null,
                "gnaf_building_name": null,
                "gnaf_address_detail_pid": "GASA_424194061",
                "gnaf_formatted_address": "LOT 14 MUIRKIRK STREET",
                "gnaf_confidence": "-1",
                "gnaf_postcode": "5491",
                "gnaf_suburb": "JAMESTOWN",
                "distance_to_gnaf": 22,
                "gnaf_lat": "-33.20647476999994",
                "gnaf_long": "138.60482549000005",
                "comment_": null
            }
        },
        {
            "type": "Feature",
            "geometry": {
                "type": "Point",
                "coordinates": [
                    137.710719,
                    -33.963422
                ]
            },
            "properties": {
                "objectid": 628,
                "featuretype": "EMERGENCY FACILITY",
                "descripton": "An emergency management facility from which a particular agency’s resources are commanded, coordinated and assigned to an incident or emergency",
                "class": "AMBULANCE STATION",
                "lhn_code": "YNLHN",
                "facility_name": "KADINA STATION",
                "facility_operationalstatus": "OPERATIONAL",
                "facility_address": "6 TAYLOR STREET",
                "abs_suburb": "KADINA",
                "facility_state": "SOUTH AUSTRALIA",
                "abs_postcode": "5554",
                "facility_attribute_source": "HTTP://WWW.SAAMBULANCE.COM.AU",
                "facility_attribute_date": null,
                "facility_source": "HTTP://WWW.SAAMBULANCE.COM.AU",
                "facility_date": null,
                "facility_spatial_confidence": null,
                "facility_revised": "2018-08-18T00:00:00Z",
                "facility_lat": "-33.963435999999945",
                "facility_long": "137.71071200000006",
                "validated": null,
                "gnaf_building_name": null,
                "gnaf_address_detail_pid": "GASA_415517578",
                "gnaf_formatted_address": "6 TAYLOR STREET",
                "gnaf_confidence": "0",
                "gnaf_postcode": "5554",
                "gnaf_suburb": "KADINA",
                "distance_to_gnaf": 6,
                "gnaf_lat": "-33.96347419999995",
                "gnaf_long": "137.71067288000006",
                "comment_": null
            }
        },
        {
            "type": "Feature",
            "geometry": {
                "type": "Point",
                "coordinates": [
                    138.914503,
                    -34.340543
                ]
            },
            "properties": {
                "objectid": 629,
                "featuretype": "EMERGENCY FACILITY",
                "descripton": "An emergency management facility from which a particular agency’s resources are commanded, coordinated and assigned to an incident or emergency",
                "class": "AMBULANCE STATION",
                "lhn_code": "BHFLHN",
                "facility_name": "KAPUNDA STATION",
                "facility_operationalstatus": "OPERATIONAL",
                "facility_address": "10 HILL STREET",
                "abs_suburb": "KAPUNDA",
                "facility_state": "SOUTH AUSTRALIA",
                "abs_postcode": "5373",
                "facility_attribute_source": "HTTP://WWW.SAAMBULANCE.COM.AU",
                "facility_attribute_date": null,
                "facility_source": "HTTP://WWW.SAAMBULANCE.COM.AU",
                "facility_date": null,
                "facility_spatial_confidence": null,
                "facility_revised": "2018-08-18T00:00:00Z",
                "facility_lat": "-34.34055699999993",
                "facility_long": "138.9144960000001",
                "validated": null,
                "gnaf_building_name": null,
                "gnaf_address_detail_pid": "GASA_415399437",
                "gnaf_formatted_address": "10 HILL STREET",
                "gnaf_confidence": "0",
                "gnaf_postcode": "5373",
                "gnaf_suburb": "KAPUNDA",
                "distance_to_gnaf": 8,
                "gnaf_lat": "-34.34053119999993",
                "gnaf_long": "138.91457488000003",
                "comment_": null
            }
        },
        {
            "type": "Feature",
            "geometry": {
                "type": "Point",
                "coordinates": [
                    139.453455,
                    -35.244155
                ]
            },
            "properties": {
                "objectid": 630,
                "featuretype": "EMERGENCY FACILITY",
                "descripton": "An emergency management facility from which a particular agency’s resources are commanded, coordinated and assigned to an incident or emergency",
                "class": "AMBULANCE STATION",
                "lhn_code": "RMCLHN",
                "facility_name": "TAILEM BEND STATION",
                "facility_operationalstatus": "OPERATIONAL",
                "facility_address": "LOT 502 GRANITES ROAD",
                "abs_suburb": "TAILEM BEND",
                "facility_state": "SOUTH AUSTRALIA",
                "abs_postcode": "5260",
                "facility_attribute_source": "HTTP://WWW.SAAMBULANCE.COM.AU",
                "facility_attribute_date": null,
                "facility_source": "HTTP://WWW.SAAMBULANCE.COM.AU",
                "facility_date": null,
                "facility_spatial_confidence": null,
                "facility_revised": "2018-08-18T00:00:00Z",
                "facility_lat": "-35.244168000999935",
                "facility_long": "139.4534479990001",
                "validated": null,
                "gnaf_building_name": null,
                "gnaf_address_detail_pid": "GASA_424175471",
                "gnaf_formatted_address": "LOT 502 GRANITES ROAD",
                "gnaf_confidence": "0",
                "gnaf_postcode": "5260",
                "gnaf_suburb": "TAILEM BEND",
                "distance_to_gnaf": 176,
                "gnaf_lat": "-35.24397910999994",
                "gnaf_long": "139.45152857000005",
                "comment_": null
            }
        },
        {
            "type": "Feature",
            "geometry": {
                "type": "Point",
                "coordinates": [
                    140.057219,
                    -35.882104
                ]
            },
            "properties": {
                "objectid": 631,
                "featuretype": "EMERGENCY FACILITY",
                "descripton": "An emergency management facility from which a particular agency’s resources are commanded, coordinated and assigned to an incident or emergency",
                "class": "AMBULANCE STATION",
                "lhn_code": "RMCLHN",
                "facility_name": "TINTINARA STATION",
                "facility_operationalstatus": "OPERATIONAL",
                "facility_address": "28-30 WENDT TERRACE",
                "abs_suburb": "TINTINARA",
                "facility_state": "SOUTH AUSTRALIA",
                "abs_postcode": "5266",
                "facility_attribute_source": "HTTP://WWW.SAAMBULANCE.COM.AU",
                "facility_attribute_date": null,
                "facility_source": "HTTP://WWW.SAAMBULANCE.COM.AU",
                "facility_date": null,
                "facility_spatial_confidence": null,
                "facility_revised": "2018-08-18T00:00:00Z",
                "facility_lat": "-35.88211700099998",
                "facility_long": "140.05721200000005",
                "validated": null,
                "gnaf_building_name": null,
                "gnaf_address_detail_pid": "GASA_425455066",
                "gnaf_formatted_address": "28-30 WENDT TERRACE",
                "gnaf_confidence": "0",
                "gnaf_postcode": "5266",
                "gnaf_suburb": "TINTINARA",
                "distance_to_gnaf": 9,
                "gnaf_lat": "-35.88211957999994",
                "gnaf_long": "140.0573139500001",
                "comment_": null
            }
        },
        {
            "type": "Feature",
            "geometry": {
                "type": "Point",
                "coordinates": [
                    138.61196,
                    -34.985702
                ]
            },
            "properties": {
                "objectid": 632,
                "featuretype": "EMERGENCY FACILITY",
                "descripton": "An emergency management facility from which a particular agency’s resources are commanded, coordinated and assigned to an incident or emergency",
                "class": "AMBULANCE STATION",
                "lhn_code": "SALHN",
                "facility_name": "MITCHAM STATION",
                "facility_operationalstatus": "OPERATIONAL",
                "facility_address": "221 BELAIR ROAD",
                "abs_suburb": "TORRENS PARK",
                "facility_state": "SOUTH AUSTRALIA",
                "abs_postcode": "5062",
                "facility_attribute_source": "HTTP://WWW.SAAMBULANCE.COM.AU",
                "facility_attribute_date": null,
                "facility_source": "HTTP://WWW.SAAMBULANCE.COM.AU",
                "facility_date": null,
                "facility_spatial_confidence": null,
                "facility_revised": "2018-08-18T00:00:00Z",
                "facility_lat": "-34.98571600099996",
                "facility_long": "138.61195300000009",
                "validated": null,
                "gnaf_building_name": null,
                "gnaf_address_detail_pid": "GASA_415203785",
                "gnaf_formatted_address": "221 BELAIR ROAD",
                "gnaf_confidence": "1",
                "gnaf_postcode": "5062",
                "gnaf_suburb": "TORRENS PARK",
                "distance_to_gnaf": 1,
                "gnaf_lat": "-34.98571909999998",
                "gnaf_long": "138.6119656300001",
                "comment_": null
            }
        },
        {
            "type": "Feature",
            "geometry": {
                "type": "Point",
                "coordinates": [
                    136.104016,
                    -34.371559
                ]
            },
            "properties": {
                "objectid": 635,
                "featuretype": "EMERGENCY FACILITY",
                "descripton": "An emergency management facility from which a particular agency’s resources are commanded, coordinated and assigned to an incident or emergency",
                "class": "AMBULANCE STATION",
                "lhn_code": "EFNLHN",
                "facility_name": "TUMBY BAY STATION",
                "facility_operationalstatus": "OPERATIONAL",
                "facility_address": "8 ESPLANADE",
                "abs_suburb": "TUMBY BAY",
                "facility_state": "SOUTH AUSTRALIA",
                "abs_postcode": "5605",
                "facility_attribute_source": "HTTP://WWW.SAAMBULANCE.COM.AU",
                "facility_attribute_date": null,
                "facility_source": "HTTP://WWW.SAAMBULANCE.COM.AU",
                "facility_date": null,
                "facility_spatial_confidence": null,
                "facility_revised": "2018-08-18T00:00:00Z",
                "facility_lat": "-34.371573001999934",
                "facility_long": "136.104008001",
                "validated": null,
                "gnaf_building_name": "URINGA HOSTEL",
                "gnaf_address_detail_pid": "GASA_415113499",
                "gnaf_formatted_address": "8 ESPLANADE ",
                "gnaf_confidence": "2",
                "gnaf_postcode": "5605",
                "gnaf_suburb": "TUMBY BAY",
                "distance_to_gnaf": 62,
                "gnaf_lat": "-34.372130169999934",
                "gnaf_long": "136.10405704000004",
                "comment_": null
            }
        },
        {
            "type": "Feature",
            "geometry": {
                "type": "Point",
                "coordinates": [
                    138.54494,
                    -35.054903
                ]
            },
            "properties": {
                "objectid": 638,
                "featuretype": "EMERGENCY FACILITY",
                "descripton": "An emergency management facility from which a particular agency’s resources are commanded, coordinated and assigned to an incident or emergency",
                "class": "AMBULANCE STATION",
                "lhn_code": "SALHN",
                "facility_name": "O'HALLORAN HILL STATION",
                "facility_operationalstatus": "OPERATIONAL",
                "facility_address": "4 MAJORS ROAD",
                "abs_suburb": "O'HALLORAN HILL",
                "facility_state": "SOUTH AUSTRALIA",
                "abs_postcode": "5158",
                "facility_attribute_source": "HTTP://WWW.SAAMBULANCE.COM.AU",
                "facility_attribute_date": null,
                "facility_source": "HTTP://WWW.SAAMBULANCE.COM.AU",
                "facility_date": null,
                "facility_spatial_confidence": null,
                "facility_revised": "2018-08-18T00:00:00Z",
                "facility_lat": "-35.05491699999993",
                "facility_long": "138.54493300000001",
                "validated": null,
                "gnaf_building_name": "FIRE STATION",
                "gnaf_address_detail_pid": "GASA_415530151",
                "gnaf_formatted_address": "4 MAJORS ROAD",
                "gnaf_confidence": "1",
                "gnaf_postcode": "5158",
                "gnaf_suburb": "TROTT PARK",
                "distance_to_gnaf": 35,
                "gnaf_lat": "-35.054990489999966",
                "gnaf_long": "138.54456096",
                "comment_": null
            }
        },
        {
            "type": "Feature",
            "geometry": {
                "type": "Point",
                "coordinates": [
                    138.617292,
                    -32.735783
                ]
            },
            "properties": {
                "objectid": 639,
                "featuretype": "EMERGENCY FACILITY",
                "descripton": "An emergency management facility from which a particular agency’s resources are commanded, coordinated and assigned to an incident or emergency",
                "class": "AMBULANCE STATION",
                "lhn_code": "YNLHN",
                "facility_name": "ORROROO STATION",
                "facility_operationalstatus": "OPERATIONAL",
                "facility_address": "12172 R M WILLIAMS WAY",
                "abs_suburb": "ORROROO",
                "facility_state": "SOUTH AUSTRALIA",
                "abs_postcode": "5431",
                "facility_attribute_source": "HTTP://WWW.SAAMBULANCE.COM.AU",
                "facility_attribute_date": null,
                "facility_source": "HTTP://WWW.SAAMBULANCE.COM.AU",
                "facility_date": null,
                "facility_spatial_confidence": null,
                "facility_revised": "2018-08-18T00:00:00Z",
                "facility_lat": "-32.73579700099998",
                "facility_long": "138.61728500000004",
                "validated": null,
                "gnaf_building_name": null,
                "gnaf_address_detail_pid": "GASA_425140194",
                "gnaf_formatted_address": "12172 R M WILLIAMS WAY",
                "gnaf_confidence": "1",
                "gnaf_postcode": "5431",
                "gnaf_suburb": "ORROROO",
                "distance_to_gnaf": 30,
                "gnaf_lat": "-32.73602794999994",
                "gnaf_long": "138.61744779000003",
                "comment_": null
            }
        },
        {
            "type": "Feature",
            "geometry": {
                "type": "Point",
                "coordinates": [
                    140.493131,
                    -36.603102
                ]
            },
            "properties": {
                "objectid": 640,
                "featuretype": "EMERGENCY FACILITY",
                "descripton": "An emergency management facility from which a particular agency’s resources are commanded, coordinated and assigned to an incident or emergency",
                "class": "AMBULANCE STATION",
                "lhn_code": "LCLHN",
                "facility_name": "PADTHAWAY STATION",
                "facility_operationalstatus": "OPERATIONAL",
                "facility_address": "2 MEMORIAL DRIVE",
                "abs_suburb": "PADTHAWAY",
                "facility_state": "SOUTH AUSTRALIA",
                "abs_postcode": "5271",
                "facility_attribute_source": "HTTP://WWW.SAAMBULANCE.COM.AU",
                "facility_attribute_date": null,
                "facility_source": "HTTP://WWW.SAAMBULANCE.COM.AU",
                "facility_date": null,
                "facility_spatial_confidence": null,
                "facility_revised": "2018-08-18T00:00:00Z",
                "facility_lat": "-36.603115000999935",
                "facility_long": "140.49312400000008",
                "validated": null,
                "gnaf_building_name": null,
                "gnaf_address_detail_pid": "GASA_422266977",
                "gnaf_formatted_address": "2 MEMORIAL DRIVE",
                "gnaf_confidence": "2",
                "gnaf_postcode": "5271",
                "gnaf_suburb": "PADTHAWAY",
                "distance_to_gnaf": 2,
                "gnaf_lat": "-36.603111989999945",
                "gnaf_long": "140.49314830000003",
                "comment_": null
            }
        },
        {
            "type": "Feature",
            "geometry": {
                "type": "Point",
                "coordinates": [
                    138.616048,
                    -34.941032
                ]
            },
            "properties": {
                "objectid": 641,
                "featuretype": "EMERGENCY FACILITY",
                "descripton": "An emergency management facility from which a particular agency’s resources are commanded, coordinated and assigned to an incident or emergency",
                "class": "AMBULANCE STATION",
                "lhn_code": "CALHN",
                "facility_name": "PARKSIDE STATION",
                "facility_operationalstatus": "OPERATIONAL",
                "facility_address": "6 GLEN OSMOND ROAD",
                "abs_suburb": "PARKSIDE",
                "facility_state": "SOUTH AUSTRALIA",
                "abs_postcode": "5063",
                "facility_attribute_source": "HTTP://WWW.SAAMBULANCE.COM.AU",
                "facility_attribute_date": null,
                "facility_source": "HTTP://WWW.SAAMBULANCE.COM.AU",
                "facility_date": null,
                "facility_spatial_confidence": null,
                "facility_revised": "2018-08-18T00:00:00Z",
                "facility_lat": "-34.94104600099996",
                "facility_long": "138.6160410000001",
                "validated": null,
                "gnaf_building_name": null,
                "gnaf_address_detail_pid": "GASA_416679161",
                "gnaf_formatted_address": "6-8 GLEN OSMOND ROAD",
                "gnaf_confidence": "1",
                "gnaf_postcode": "5063",
                "gnaf_suburb": "PARKSIDE",
                "distance_to_gnaf": 13,
                "gnaf_lat": "-34.94114381999998",
                "gnaf_long": "138.61596981000002",
                "comment_": null
            }
        },
        {
            "type": "Feature",
            "geometry": {
                "type": "Point",
                "coordinates": [
                    137.26087,
                    -35.789946
                ]
            },
            "properties": {
                "objectid": 642,
                "featuretype": "EMERGENCY FACILITY",
                "descripton": "An emergency management facility from which a particular agency’s resources are commanded, coordinated and assigned to an incident or emergency",
                "class": "AMBULANCE STATION",
                "lhn_code": "BHFLHN",
                "facility_name": "WESTERN DISTRICTS STATION",
                "facility_operationalstatus": "OPERATIONAL",
                "facility_address": "LOT 54 COOK STREET",
                "abs_suburb": "PARNDANA",
                "facility_state": "SOUTH AUSTRALIA",
                "abs_postcode": "5220",
                "facility_attribute_source": "HTTP://WWW.SAAMBULANCE.COM.AU",
                "facility_attribute_date": null,
                "facility_source": "HTTP://WWW.SAAMBULANCE.COM.AU",
                "facility_date": null,
                "facility_spatial_confidence": null,
                "facility_revised": "2018-08-18T00:00:00Z",
                "facility_lat": "-35.78996000099994",
                "facility_long": "137.2608629990001",
                "validated": null,
                "gnaf_building_name": null,
                "gnaf_address_detail_pid": "GASA_424164292",
                "gnaf_formatted_address": "LOT 54 COOK STREET",
                "gnaf_confidence": "-1",
                "gnaf_postcode": "5220",
                "gnaf_suburb": "PARNDANA",
                "distance_to_gnaf": 2,
                "gnaf_lat": "-35.78997581999994",
                "gnaf_long": "137.26087815000005",
                "comment_": null
            }
        },
        {
            "type": "Feature",
            "geometry": {
                "type": "Point",
                "coordinates": [
                    137.937382,
                    -35.718608
                ]
            },
            "properties": {
                "objectid": 643,
                "featuretype": "EMERGENCY FACILITY",
                "descripton": "An emergency management facility from which a particular agency’s resources are commanded, coordinated and assigned to an incident or emergency",
                "class": "AMBULANCE STATION",
                "lhn_code": "BHFLHN",
                "facility_name": "PENNESHAW STATION",
                "facility_operationalstatus": "OPERATIONAL",
                "facility_address": "LOT 98 THE LANE",
                "abs_suburb": "PENNESHAW",
                "facility_state": "SOUTH AUSTRALIA",
                "abs_postcode": "5222",
                "facility_attribute_source": "HTTP://WWW.SAAMBULANCE.COM.AU",
                "facility_attribute_date": null,
                "facility_source": "HTTP://WWW.SAAMBULANCE.COM.AU",
                "facility_date": null,
                "facility_spatial_confidence": null,
                "facility_revised": "2018-08-18T00:00:00Z",
                "facility_lat": "-35.71862200099997",
                "facility_long": "137.9373750000001",
                "validated": null,
                "gnaf_building_name": null,
                "gnaf_address_detail_pid": "GASA_424215021",
                "gnaf_formatted_address": "LOT 98  ",
                "gnaf_confidence": "-1",
                "gnaf_postcode": "5222",
                "gnaf_suburb": "PENNESHAW",
                "distance_to_gnaf": 16,
                "gnaf_lat": "-35.71847919999993",
                "gnaf_long": "137.9373945000001",
                "comment_": null
            }
        },
        {
            "type": "Feature",
            "geometry": {
                "type": "Point",
                "coordinates": [
                    140.836365,
                    -37.383539
                ]
            },
            "properties": {
                "objectid": 644,
                "featuretype": "EMERGENCY FACILITY",
                "descripton": "An emergency management facility from which a particular agency’s resources are commanded, coordinated and assigned to an incident or emergency",
                "class": "AMBULANCE STATION",
                "lhn_code": "LCLHN",
                "facility_name": "PENOLA STATION",
                "facility_operationalstatus": "OPERATIONAL",
                "facility_address": "16E CHURCH STREET",
                "abs_suburb": "PENOLA",
                "facility_state": "SOUTH AUSTRALIA",
                "abs_postcode": "5277",
                "facility_attribute_source": "HTTP://WWW.SAAMBULANCE.COM.AU",
                "facility_attribute_date": null,
                "facility_source": "HTTP://WWW.SAAMBULANCE.COM.AU",
                "facility_date": null,
                "facility_spatial_confidence": null,
                "facility_revised": "2018-08-18T00:00:00Z",
                "facility_lat": "-37.38355199999995",
                "facility_long": "140.83635799900003",
                "validated": null,
                "gnaf_building_name": null,
                "gnaf_address_detail_pid": "GASA_423774349",
                "gnaf_formatted_address": "16 CHURCH STREET",
                "gnaf_confidence": "1",
                "gnaf_postcode": "5277",
                "gnaf_suburb": "PENOLA",
                "distance_to_gnaf": 10,
                "gnaf_lat": "-37.38352824999998",
                "gnaf_long": "140.83624514000007",
                "comment_": null
            }
        },
        {
            "type": "Feature",
            "geometry": {
                "type": "Point",
                "coordinates": [
                    138.842694,
                    -32.977011
                ]
            },
            "properties": {
                "objectid": 646,
                "featuretype": "EMERGENCY FACILITY",
                "descripton": "An emergency management facility from which a particular agency’s resources are commanded, coordinated and assigned to an incident or emergency",
                "class": "AMBULANCE STATION",
                "lhn_code": "YNLHN",
                "facility_name": "PETERBOROUGH STATION",
                "facility_operationalstatus": "OPERATIONAL",
                "facility_address": "19-21 QUEEN STREET",
                "abs_suburb": "PETERBOROUGH",
                "facility_state": "SOUTH AUSTRALIA",
                "abs_postcode": "5422",
                "facility_attribute_source": "HTTP://WWW.SAAMBULANCE.COM.AU",
                "facility_attribute_date": null,
                "facility_source": "HTTP://WWW.SAAMBULANCE.COM.AU",
                "facility_date": null,
                "facility_spatial_confidence": null,
                "facility_revised": "2018-08-18T00:00:00Z",
                "facility_lat": "-32.97702500099996",
                "facility_long": "138.84268700000007",
                "validated": null,
                "gnaf_building_name": null,
                "gnaf_address_detail_pid": "GASA_425449071",
                "gnaf_formatted_address": "19-21 QUEEN STREET",
                "gnaf_confidence": "0",
                "gnaf_postcode": "5422",
                "gnaf_suburb": "PETERBOROUGH",
                "distance_to_gnaf": 21,
                "gnaf_lat": "-32.97709303999994",
                "gnaf_long": "138.84289208000007",
                "comment_": null
            }
        },
        {
            "type": "Feature",
            "geometry": {
                "type": "Point",
                "coordinates": [
                    140.909884,
                    -35.259686
                ]
            },
            "properties": {
                "objectid": 647,
                "featuretype": "EMERGENCY FACILITY",
                "descripton": "An emergency management facility from which a particular agency’s resources are commanded, coordinated and assigned to an incident or emergency",
                "class": "AMBULANCE STATION",
                "lhn_code": "RMCLHN",
                "facility_name": "PINNAROO STATION",
                "facility_operationalstatus": "OPERATIONAL",
                "facility_address": "LOT 104 HOMBURG TERRACE",
                "abs_suburb": "PINNAROO",
                "facility_state": "SOUTH AUSTRALIA",
                "abs_postcode": "5304",
                "facility_attribute_source": "HTTP://WWW.SAAMBULANCE.COM.AU",
                "facility_attribute_date": null,
                "facility_source": "HTTP://WWW.SAAMBULANCE.COM.AU",
                "facility_date": null,
                "facility_spatial_confidence": null,
                "facility_revised": "2018-08-18T00:00:00Z",
                "facility_lat": "-35.259698999999955",
                "facility_long": "140.90987700100004",
                "validated": null,
                "gnaf_building_name": null,
                "gnaf_address_detail_pid": "GASA_424179888",
                "gnaf_formatted_address": "LOT 104 HOMBURG TERRACE",
                "gnaf_confidence": "1",
                "gnaf_postcode": "5304",
                "gnaf_suburb": "PINNAROO",
                "distance_to_gnaf": 10,
                "gnaf_lat": "-35.25966092999994",
                "gnaf_long": "140.90997392000008",
                "comment_": null
            }
        },
        {
            "type": "Feature",
            "geometry": {
                "type": "Point",
                "coordinates": [
                    138.511529,
                    -34.843073
                ]
            },
            "properties": {
                "objectid": 648,
                "featuretype": "EMERGENCY FACILITY",
                "descripton": "An emergency management facility from which a particular agency’s resources are commanded, coordinated and assigned to an incident or emergency",
                "class": "AMBULANCE STATION",
                "lhn_code": "CALHN",
                "facility_name": "PORT ADELAIDE STATION",
                "facility_operationalstatus": "OPERATIONAL",
                "facility_address": "3-5 SANTO PDE",
                "abs_suburb": "PORT ADELAIDE",
                "facility_state": "SOUTH AUSTRALIA",
                "abs_postcode": "5015",
                "facility_attribute_source": "HTTP://WWW.SAAMBULANCE.COM.AU",
                "facility_attribute_date": null,
                "facility_source": "HTTP://WWW.SAAMBULANCE.COM.AU",
                "facility_date": null,
                "facility_spatial_confidence": null,
                "facility_revised": "2018-08-18T00:00:00Z",
                "facility_lat": "-34.84308700099996",
                "facility_long": "138.511522",
                "validated": null,
                "gnaf_building_name": null,
                "gnaf_address_detail_pid": "GASA_415373732",
                "gnaf_formatted_address": "3-5 SANTO PARADE",
                "gnaf_confidence": "1",
                "gnaf_postcode": "5015",
                "gnaf_suburb": "PORT ADELAIDE",
                "distance_to_gnaf": 15,
                "gnaf_lat": "-34.84295618999994",
                "gnaf_long": "138.5115398800001",
                "comment_": null
            }
        },
        {
            "type": "Feature",
            "geometry": {
                "type": "Point",
                "coordinates": [
                    137.777111,
                    -32.509242
                ]
            },
            "properties": {
                "objectid": 650,
                "featuretype": "EMERGENCY FACILITY",
                "descripton": "An emergency management facility from which a particular agency’s resources are commanded, coordinated and assigned to an incident or emergency",
                "class": "AMBULANCE STATION",
                "lhn_code": "FUNLHN",
                "facility_name": "PORT AUGUSTA STATION",
                "facility_operationalstatus": "OPERATIONAL",
                "facility_address": "6 GILES STREET",
                "abs_suburb": "PORT AUGUSTA",
                "facility_state": "SOUTH AUSTRALIA",
                "abs_postcode": "5700",
                "facility_attribute_source": "HTTP://WWW.SAAMBULANCE.COM.AU",
                "facility_attribute_date": null,
                "facility_source": "HTTP://WWW.SAAMBULANCE.COM.AU",
                "facility_date": null,
                "facility_spatial_confidence": null,
                "facility_revised": "2018-08-18T00:00:00Z",
                "facility_lat": "-32.50925600099998",
                "facility_long": "137.777103",
                "validated": null,
                "gnaf_building_name": null,
                "gnaf_address_detail_pid": "GASA_424426161",
                "gnaf_formatted_address": "6 GILES STREET",
                "gnaf_confidence": "0",
                "gnaf_postcode": "5700",
                "gnaf_suburb": "PORT AUGUSTA",
                "distance_to_gnaf": 5,
                "gnaf_lat": "-32.509217339999964",
                "gnaf_long": "137.77712857000006",
                "comment_": null
            }
        },
        {
            "type": "Feature",
            "geometry": {
                "type": "Point",
                "coordinates": [
                    137.934676,
                    -33.601133
                ]
            },
            "properties": {
                "objectid": 651,
                "featuretype": "EMERGENCY FACILITY",
                "descripton": "An emergency management facility from which a particular agency’s resources are commanded, coordinated and assigned to an incident or emergency",
                "class": "AMBULANCE STATION",
                "lhn_code": "YNLHN",
                "facility_name": "PORT BROUGHTON STATION",
                "facility_operationalstatus": "OPERATIONAL",
                "facility_address": "BAY STREET",
                "abs_suburb": "PORT BROUGHTON",
                "facility_state": "SOUTH AUSTRALIA",
                "abs_postcode": "5522",
                "facility_attribute_source": "HTTP://WWW.SAAMBULANCE.COM.AU",
                "facility_attribute_date": null,
                "facility_source": "HTTP://WWW.SAAMBULANCE.COM.AU",
                "facility_date": null,
                "facility_spatial_confidence": null,
                "facility_revised": "2018-08-18T00:00:00Z",
                "facility_lat": "-33.60114700099996",
                "facility_long": "137.9346690000001",
                "validated": null,
                "gnaf_building_name": null,
                "gnaf_address_detail_pid": "GASA_720417316",
                "gnaf_formatted_address": "22-24 BAY STREET",
                "gnaf_confidence": "0",
                "gnaf_postcode": "5522",
                "gnaf_suburb": "PORT BROUGHTON",
                "distance_to_gnaf": 9,
                "gnaf_lat": "-33.60117102999993",
                "gnaf_long": "137.93457621000005",
                "comment_": null
            }
        },
        {
            "type": "Feature",
            "geometry": {
                "type": "Point",
                "coordinates": [
                    135.850637,
                    -34.724833
                ]
            },
            "properties": {
                "objectid": 654,
                "featuretype": "EMERGENCY FACILITY",
                "descripton": "An emergency management facility from which a particular agency’s resources are commanded, coordinated and assigned to an incident or emergency",
                "class": "AMBULANCE STATION",
                "lhn_code": "EFNLHN",
                "facility_name": "PORT LINCOLN STATION",
                "facility_operationalstatus": "OPERATIONAL",
                "facility_address": "4 MARINE AVENUE",
                "abs_suburb": "PORT LINCOLN",
                "facility_state": "SOUTH AUSTRALIA",
                "abs_postcode": "5606",
                "facility_attribute_source": "HTTP://WWW.SAAMBULANCE.COM.AU",
                "facility_attribute_date": null,
                "facility_source": "HTTP://WWW.SAAMBULANCE.COM.AU",
                "facility_date": null,
                "facility_spatial_confidence": null,
                "facility_revised": "2018-08-18T00:00:00Z",
                "facility_lat": "-34.724846999999954",
                "facility_long": "135.85062900000003",
                "validated": null,
                "gnaf_building_name": null,
                "gnaf_address_detail_pid": "GASA_422065936",
                "gnaf_formatted_address": "4 MARINE AVENUE",
                "gnaf_confidence": "0",
                "gnaf_postcode": "5606",
                "gnaf_suburb": "PORT LINCOLN",
                "distance_to_gnaf": 2,
                "gnaf_lat": "-34.724825479999936",
                "gnaf_long": "135.85062504000007",
                "comment_": null
            }
        },
        {
            "type": "Feature",
            "geometry": {
                "type": "Point",
                "coordinates": [
                    136.349029,
                    -34.119489
                ]
            },
            "properties": {
                "objectid": 655,
                "featuretype": "EMERGENCY FACILITY",
                "descripton": "An emergency management facility from which a particular agency’s resources are commanded, coordinated and assigned to an incident or emergency",
                "class": "AMBULANCE STATION",
                "lhn_code": "EFNLHN",
                "facility_name": "PORT NEILL STATION",
                "facility_operationalstatus": "OPERATIONAL",
                "facility_address": "BICE STREET",
                "abs_suburb": "PORT NEILL",
                "facility_state": "SOUTH AUSTRALIA",
                "abs_postcode": "5604",
                "facility_attribute_source": "HTTP://WWW.SAAMBULANCE.COM.AU",
                "facility_attribute_date": null,
                "facility_source": "HTTP://WWW.SAAMBULANCE.COM.AU",
                "facility_date": null,
                "facility_spatial_confidence": null,
                "facility_revised": "2018-08-18T00:00:00Z",
                "facility_lat": "-34.11950300099994",
                "facility_long": "136.3490210000001",
                "validated": null,
                "gnaf_building_name": null,
                "gnaf_address_detail_pid": "GASA_415723620",
                "gnaf_formatted_address": "41 WALLIS STREET",
                "gnaf_confidence": "0",
                "gnaf_postcode": "5604",
                "gnaf_suburb": "PORT NEILL",
                "distance_to_gnaf": 21,
                "gnaf_lat": "-34.11937527999993",
                "gnaf_long": "136.34886096000002",
                "comment_": null
            }
        },
        {
            "type": "Feature",
            "geometry": {
                "type": "Point",
                "coordinates": [
                    138.005897,
                    -33.189924
                ]
            },
            "properties": {
                "objectid": 657,
                "featuretype": "EMERGENCY FACILITY",
                "descripton": "An emergency management facility from which a particular agency’s resources are commanded, coordinated and assigned to an incident or emergency",
                "class": "AMBULANCE STATION",
                "lhn_code": "YNLHN",
                "facility_name": "PORT PIRIE STATION",
                "facility_operationalstatus": "OPERATIONAL",
                "facility_address": "97 GREY TERRACE",
                "abs_suburb": "PORT PIRIE SOUTH",
                "facility_state": "SOUTH AUSTRALIA",
                "abs_postcode": "5540",
                "facility_attribute_source": "HTTP://WWW.SAAMBULANCE.COM.AU",
                "facility_attribute_date": null,
                "facility_source": "HTTP://WWW.SAAMBULANCE.COM.AU",
                "facility_date": null,
                "facility_spatial_confidence": null,
                "facility_revised": "2018-08-18T00:00:00Z",
                "facility_lat": "-33.189937999999984",
                "facility_long": "138.005890001",
                "validated": null,
                "gnaf_building_name": null,
                "gnaf_address_detail_pid": "GASA_719861375",
                "gnaf_formatted_address": "97 GREY TERRACE",
                "gnaf_confidence": "0",
                "gnaf_postcode": "5540",
                "gnaf_suburb": "PORT PIRIE SOUTH",
                "distance_to_gnaf": 83,
                "gnaf_lat": "-33.190624689999936",
                "gnaf_long": "138.0055382800001",
                "comment_": null
            }
        },
        {
            "type": "Feature",
            "geometry": {
                "type": "Point",
                "coordinates": [
                    138.153178,
                    -34.186304
                ]
            },
            "properties": {
                "objectid": 658,
                "featuretype": "EMERGENCY FACILITY",
                "descripton": "An emergency management facility from which a particular agency’s resources are commanded, coordinated and assigned to an incident or emergency",
                "class": "AMBULANCE STATION",
                "lhn_code": "YNLHN",
                "facility_name": "PORT WAKEFIELD STATION",
                "facility_operationalstatus": "OPERATIONAL",
                "facility_address": "2 BURRA STREET",
                "abs_suburb": "PORT WAKEFIELD",
                "facility_state": "SOUTH AUSTRALIA",
                "abs_postcode": "5550",
                "facility_attribute_source": "HTTP://WWW.SAAMBULANCE.COM.AU",
                "facility_attribute_date": null,
                "facility_source": "HTTP://WWW.SAAMBULANCE.COM.AU",
                "facility_date": null,
                "facility_spatial_confidence": null,
                "facility_revised": "2018-08-18T00:00:00Z",
                "facility_lat": "-34.18631800099996",
                "facility_long": "138.15317100000004",
                "validated": null,
                "gnaf_building_name": null,
                "gnaf_address_detail_pid": "GASA_416270164",
                "gnaf_formatted_address": "2 BURRA STREET",
                "gnaf_confidence": "0",
                "gnaf_postcode": "5550",
                "gnaf_suburb": "PORT WAKEFIELD",
                "distance_to_gnaf": 12,
                "gnaf_lat": "-34.18624887999994",
                "gnaf_long": "138.15307853000002",
                "comment_": null
            }
        },
        {
            "type": "Feature",
            "geometry": {
                "type": "Point",
                "coordinates": [
                    138.600431,
                    -34.8735
                ]
            },
            "properties": {
                "objectid": 659,
                "featuretype": "EMERGENCY FACILITY",
                "descripton": "An emergency management facility from which a particular agency’s resources are commanded, coordinated and assigned to an incident or emergency",
                "class": "AMBULANCE STATION",
                "lhn_code": "CALHN",
                "facility_name": "PROSPECT STATION",
                "facility_operationalstatus": "OPERATIONAL",
                "facility_address": "478-480 REGENCY ROAD",
                "abs_suburb": "PROSPECT",
                "facility_state": "SOUTH AUSTRALIA",
                "abs_postcode": "5082",
                "facility_attribute_source": "HTTP://WWW.SAAMBULANCE.COM.AU",
                "facility_attribute_date": null,
                "facility_source": "HTTP://WWW.SAAMBULANCE.COM.AU",
                "facility_date": null,
                "facility_spatial_confidence": null,
                "facility_revised": "2018-08-18T00:00:00Z",
                "facility_lat": "-34.87351400099993",
                "facility_long": "138.6004239990001",
                "validated": null,
                "gnaf_building_name": null,
                "gnaf_address_detail_pid": "GASA_425449480",
                "gnaf_formatted_address": "478-480 REGENCY ROAD",
                "gnaf_confidence": "0",
                "gnaf_postcode": "5082",
                "gnaf_suburb": "PROSPECT",
                "distance_to_gnaf": 17,
                "gnaf_lat": "-34.87340227999994",
                "gnaf_long": "138.60029028000008",
                "comment_": null
            }
        },
        {
            "type": "Feature",
            "geometry": {
                "type": "Point",
                "coordinates": [
                    138.037861,
                    -32.351506
                ]
            },
            "properties": {
                "objectid": 662,
                "featuretype": "EMERGENCY FACILITY",
                "descripton": "An emergency management facility from which a particular agency’s resources are commanded, coordinated and assigned to an incident or emergency",
                "class": "AMBULANCE STATION",
                "lhn_code": "FUNLHN",
                "facility_name": "QUORN STATION",
                "facility_operationalstatus": "OPERATIONAL",
                "facility_address": "LOT 501 WEST TERRACE",
                "abs_suburb": "QUORN",
                "facility_state": "SOUTH AUSTRALIA",
                "abs_postcode": "5433",
                "facility_attribute_source": "HTTP://WWW.SAAMBULANCE.COM.AU",
                "facility_attribute_date": null,
                "facility_source": "HTTP://WWW.SAAMBULANCE.COM.AU",
                "facility_date": null,
                "facility_spatial_confidence": null,
                "facility_revised": "2018-08-18T00:00:00Z",
                "facility_lat": "-32.35152000099998",
                "facility_long": "138.03785400000004",
                "validated": null,
                "gnaf_building_name": null,
                "gnaf_address_detail_pid": "GASA_424219758",
                "gnaf_formatted_address": "LOT 501 WEST TERRACE",
                "gnaf_confidence": "0",
                "gnaf_postcode": "5433",
                "gnaf_suburb": "QUORN",
                "distance_to_gnaf": 136,
                "gnaf_lat": "-32.352461079999955",
                "gnaf_long": "138.03877531000012",
                "comment_": null
            }
        },
        {
            "type": "Feature",
            "geometry": {
                "type": "Point",
                "coordinates": [
                    138.69526,
                    -34.816977
                ]
            },
            "properties": {
                "objectid": 663,
                "featuretype": "EMERGENCY FACILITY",
                "descripton": "An emergency management facility from which a particular agency’s resources are commanded, coordinated and assigned to an incident or emergency",
                "class": "AMBULANCE STATION",
                "lhn_code": "NALHN",
                "facility_name": "REDWOOD PARK STATION",
                "facility_operationalstatus": "OPERATIONAL",
                "facility_address": "LOT 540 GAYLARD CRES",
                "abs_suburb": "REDWOOD PARK",
                "facility_state": "SOUTH AUSTRALIA",
                "abs_postcode": "5097",
                "facility_attribute_source": "HTTP://WWW.SAAMBULANCE.COM.AU",
                "facility_attribute_date": null,
                "facility_source": "HTTP://WWW.SAAMBULANCE.COM.AU",
                "facility_date": null,
                "facility_spatial_confidence": null,
                "facility_revised": "2018-08-18T00:00:00Z",
                "facility_lat": "-34.81699100099996",
                "facility_long": "138.69525300100008",
                "validated": null,
                "gnaf_building_name": null,
                "gnaf_address_detail_pid": "GASA_424302958",
                "gnaf_formatted_address": "LOT 533 GAYLARD CRESCENT",
                "gnaf_confidence": "-1",
                "gnaf_postcode": "5097",
                "gnaf_suburb": "REDWOOD PARK",
                "distance_to_gnaf": 33,
                "gnaf_lat": "-34.81683387999993",
                "gnaf_long": "138.69555514",
                "comment_": null
            }
        },
        {
            "type": "Feature",
            "geometry": {
                "type": "Point",
                "coordinates": [
                    140.744994,
                    -34.174337
                ]
            },
            "properties": {
                "objectid": 664,
                "featuretype": "EMERGENCY FACILITY",
                "descripton": "An emergency management facility from which a particular agency’s resources are commanded, coordinated and assigned to an incident or emergency",
                "class": "AMBULANCE STATION",
                "lhn_code": "RMCLHN",
                "facility_name": "RENMARK STATION",
                "facility_operationalstatus": "OPERATIONAL",
                "facility_address": "LOT 567 EIGHTEENTH STREET",
                "abs_suburb": "RENMARK",
                "facility_state": "SOUTH AUSTRALIA",
                "abs_postcode": "5341",
                "facility_attribute_source": "HTTP://WWW.SAAMBULANCE.COM.AU",
                "facility_attribute_date": null,
                "facility_source": "HTTP://WWW.SAAMBULANCE.COM.AU",
                "facility_date": null,
                "facility_spatial_confidence": null,
                "facility_revised": "2018-08-18T00:00:00Z",
                "facility_lat": "-34.17435000099994",
                "facility_long": "140.74498699900005",
                "validated": null,
                "gnaf_building_name": null,
                "gnaf_address_detail_pid": "GASA_424168691",
                "gnaf_formatted_address": "LOT 567 EIGHTEENTH STREET",
                "gnaf_confidence": "-1",
                "gnaf_postcode": "5341",
                "gnaf_suburb": "RENMARK",
                "distance_to_gnaf": 8,
                "gnaf_lat": "-34.174414799999965",
                "gnaf_long": "140.74501679000002",
                "comment_": null
            }
        },
        {
            "type": "Feature",
            "geometry": {
                "type": "Point",
                "coordinates": [
                    140.782817,
                    -37.824895
                ]
            },
            "properties": {
                "objectid": 665,
                "featuretype": "EMERGENCY FACILITY",
                "descripton": "An emergency management facility from which a particular agency’s resources are commanded, coordinated and assigned to an incident or emergency",
                "class": "AMBULANCE STATION",
                "lhn_code": "LCLHN",
                "facility_name": "MOUNT GAMBIER STATION",
                "facility_operationalstatus": "OPERATIONAL",
                "facility_address": "46 PENOLA ROAD",
                "abs_suburb": "MOUNT GAMBIER",
                "facility_state": "SOUTH AUSTRALIA",
                "abs_postcode": "5290",
                "facility_attribute_source": "HTTP://WWW.SAAMBULANCE.COM.AU",
                "facility_attribute_date": null,
                "facility_source": "HTTP://WWW.SAAMBULANCE.COM.AU",
                "facility_date": null,
                "facility_spatial_confidence": null,
                "facility_revised": "2018-08-18T00:00:00Z",
                "facility_lat": "-37.82490800099998",
                "facility_long": "140.78281000000004",
                "validated": null,
                "gnaf_building_name": null,
                "gnaf_address_detail_pid": "GASA_415542445",
                "gnaf_formatted_address": "46 PENOLA ROAD",
                "gnaf_confidence": "1",
                "gnaf_postcode": "5290",
                "gnaf_suburb": "MOUNT GAMBIER",
                "distance_to_gnaf": 30,
                "gnaf_lat": "-37.825038839999934",
                "gnaf_long": "140.78310351000005",
                "comment_": null
            }
        },
        {
            "type": "Feature",
            "geometry": {
                "type": "Point",
                "coordinates": [
                    139.05413,
                    -34.773066
                ]
            },
            "properties": {
                "objectid": 666,
                "featuretype": "EMERGENCY FACILITY",
                "descripton": "An emergency management facility from which a particular agency’s resources are commanded, coordinated and assigned to an incident or emergency",
                "class": "AMBULANCE STATION",
                "lhn_code": "BHFLHN",
                "facility_name": "MOUNT PLEASANT STATION",
                "facility_operationalstatus": "OPERATIONAL",
                "facility_address": "HOSPITAL ROAD",
                "abs_suburb": "MOUNT PLEASANT",
                "facility_state": "SOUTH AUSTRALIA",
                "abs_postcode": "5235",
                "facility_attribute_source": "HTTP://WWW.SAAMBULANCE.COM.AU",
                "facility_attribute_date": null,
                "facility_source": "HTTP://WWW.SAAMBULANCE.COM.AU",
                "facility_date": null,
                "facility_spatial_confidence": null,
                "facility_revised": "2018-08-18T00:00:00Z",
                "facility_lat": "-34.773079999999936",
                "facility_long": "139.05412300000012",
                "validated": null,
                "gnaf_building_name": null,
                "gnaf_address_detail_pid": "GASA_416991705",
                "gnaf_formatted_address": "36 HOSPITAL ROAD",
                "gnaf_confidence": "0",
                "gnaf_postcode": "5235",
                "gnaf_suburb": "MOUNT PLEASANT",
                "distance_to_gnaf": 26,
                "gnaf_lat": "-34.773283539999966",
                "gnaf_long": "139.05397355000002",
                "comment_": null
            }
        },
        {
            "type": "Feature",
            "geometry": {
                "type": "Point",
                "coordinates": [
                    140.814199,
                    -37.542624
                ]
            },
            "properties": {
                "objectid": 668,
                "featuretype": "EMERGENCY FACILITY",
                "descripton": "An emergency management facility from which a particular agency’s resources are commanded, coordinated and assigned to an incident or emergency",
                "class": "AMBULANCE STATION",
                "lhn_code": "LCLHN",
                "facility_name": "NANGWARRY STATION",
                "facility_operationalstatus": "OPERATIONAL",
                "facility_address": "LOT 304 BEDNALL DRIVE",
                "abs_suburb": "NANGWARRY",
                "facility_state": "SOUTH AUSTRALIA",
                "abs_postcode": "5277",
                "facility_attribute_source": "HTTP://WWW.SAAMBULANCE.COM.AU",
                "facility_attribute_date": null,
                "facility_source": "HTTP://WWW.SAAMBULANCE.COM.AU",
                "facility_date": null,
                "facility_spatial_confidence": null,
                "facility_revised": "2018-08-18T00:00:00Z",
                "facility_lat": "-37.542637000999946",
                "facility_long": "140.81419200100004",
                "validated": null,
                "gnaf_building_name": null,
                "gnaf_address_detail_pid": "GASA_424817434",
                "gnaf_formatted_address": "LOT 304 BEDNALL DRIVE",
                "gnaf_confidence": "0",
                "gnaf_postcode": "5277",
                "gnaf_suburb": "NANGWARRY",
                "distance_to_gnaf": 21,
                "gnaf_lat": "-37.54261666999997",
                "gnaf_long": "140.8139514500001",
                "comment_": null
            }
        },
        {
            "type": "Feature",
            "geometry": {
                "type": "Point",
                "coordinates": [
                    140.744479,
                    -36.964619
                ]
            },
            "properties": {
                "objectid": 669,
                "featuretype": "EMERGENCY FACILITY",
                "descripton": "An emergency management facility from which a particular agency’s resources are commanded, coordinated and assigned to an incident or emergency",
                "class": "AMBULANCE STATION",
                "lhn_code": "LCLHN",
                "facility_name": "NARACOORTE STATION",
                "facility_operationalstatus": "OPERATIONAL",
                "facility_address": "BUTLER TERRACE",
                "abs_suburb": "NARACOORTE",
                "facility_state": "SOUTH AUSTRALIA",
                "abs_postcode": "5271",
                "facility_attribute_source": "HTTP://WWW.SAAMBULANCE.COM.AU",
                "facility_attribute_date": null,
                "facility_source": "HTTP://WWW.SAAMBULANCE.COM.AU",
                "facility_date": null,
                "facility_spatial_confidence": null,
                "facility_revised": "2018-08-18T00:00:00Z",
                "facility_lat": "-36.964632000999984",
                "facility_long": "140.7444720000001",
                "validated": null,
                "gnaf_building_name": null,
                "gnaf_address_detail_pid": "GASA_424292721",
                "gnaf_formatted_address": "LOT 1134 BUTLER TERRACE",
                "gnaf_confidence": "0",
                "gnaf_postcode": "5271",
                "gnaf_suburb": "NARACOORTE",
                "distance_to_gnaf": 14,
                "gnaf_lat": "-36.96450612999996",
                "gnaf_long": "140.74450080000008",
                "comment_": null
            }
        },
        {
            "type": "Feature",
            "geometry": {
                "type": "Point",
                "coordinates": [
                    138.676776,
                    -34.888191
                ]
            },
            "properties": {
                "objectid": 671,
                "featuretype": "EMERGENCY FACILITY",
                "descripton": "An emergency management facility from which a particular agency’s resources are commanded, coordinated and assigned to an incident or emergency",
                "class": "AMBULANCE STATION",
                "lhn_code": "CALHN",
                "facility_name": "CAMPBELLTOWN STATION",
                "facility_operationalstatus": "OPERATIONAL",
                "facility_address": "MONTACUTE ROAD",
                "abs_suburb": "NEWTON",
                "facility_state": "SOUTH AUSTRALIA",
                "abs_postcode": "5074",
                "facility_attribute_source": "HTTP://WWW.SAAMBULANCE.COM.AU",
                "facility_attribute_date": null,
                "facility_source": "HTTP://WWW.SAAMBULANCE.COM.AU",
                "facility_date": null,
                "facility_spatial_confidence": null,
                "facility_revised": "2018-08-18T00:00:00Z",
                "facility_lat": "-34.88820500099996",
                "facility_long": "138.67676900000004",
                "validated": null,
                "gnaf_building_name": null,
                "gnaf_address_detail_pid": "GASA_424318622",
                "gnaf_formatted_address": "LOT 643 MONTACUTE ROAD",
                "gnaf_confidence": "0",
                "gnaf_postcode": "5074",
                "gnaf_suburb": "NEWTON",
                "distance_to_gnaf": 6,
                "gnaf_lat": "-34.88815559999995",
                "gnaf_long": "138.67677373000004",
                "comment_": null
            }
        },
        {
            "type": "Feature",
            "geometry": {
                "type": "Point",
                "coordinates": [
                    138.748257,
                    -34.156881
                ]
            },
            "properties": {
                "objectid": 673,
                "featuretype": "EMERGENCY FACILITY",
                "descripton": "An emergency management facility from which a particular agency’s resources are commanded, coordinated and assigned to an incident or emergency",
                "class": "AMBULANCE STATION",
                "lhn_code": "RMCLHN",
                "facility_name": "RIVERTON STATION",
                "facility_operationalstatus": "OPERATIONAL",
                "facility_address": "16 TORRENS ROAD",
                "abs_suburb": "RIVERTON",
                "facility_state": "SOUTH AUSTRALIA",
                "abs_postcode": "5412",
                "facility_attribute_source": "HTTP://WWW.SAAMBULANCE.COM.AU",
                "facility_attribute_date": null,
                "facility_source": "HTTP://WWW.SAAMBULANCE.COM.AU",
                "facility_date": null,
                "facility_spatial_confidence": null,
                "facility_revised": "2018-08-18T00:00:00Z",
                "facility_lat": "-34.15689500099995",
                "facility_long": "138.7482500010001",
                "validated": null,
                "gnaf_building_name": null,
                "gnaf_address_detail_pid": "GASA_415485155",
                "gnaf_formatted_address": "16 TORRENS ROAD",
                "gnaf_confidence": "1",
                "gnaf_postcode": "5412",
                "gnaf_suburb": "RIVERTON",
                "distance_to_gnaf": 2,
                "gnaf_lat": "-34.15690929999994",
                "gnaf_long": "138.74824138000008",
                "comment_": null
            }
        },
        {
            "type": "Feature",
            "geometry": {
                "type": "Point",
                "coordinates": [
                    139.751497,
                    -37.165396
                ]
            },
            "properties": {
                "objectid": 675,
                "featuretype": "EMERGENCY FACILITY",
                "descripton": "An emergency management facility from which a particular agency’s resources are commanded, coordinated and assigned to an incident or emergency",
                "class": "AMBULANCE STATION",
                "lhn_code": "LCLHN",
                "facility_name": "ROBE STATION",
                "facility_operationalstatus": "OPERATIONAL",
                "facility_address": "LOT 1 O'HALLORAN STREET",
                "abs_suburb": "ROBE",
                "facility_state": "SOUTH AUSTRALIA",
                "abs_postcode": "5276",
                "facility_attribute_source": "HTTP://WWW.SAAMBULANCE.COM.AU",
                "facility_attribute_date": null,
                "facility_source": "HTTP://WWW.SAAMBULANCE.COM.AU",
                "facility_date": null,
                "facility_spatial_confidence": null,
                "facility_revised": "2018-08-18T00:00:00Z",
                "facility_lat": "-37.165409000999944",
                "facility_long": "139.7514900010001",
                "validated": null,
                "gnaf_building_name": null,
                "gnaf_address_detail_pid": "GASA_424196784",
                "gnaf_formatted_address": "LOT 1 O'HALLORAN STREET",
                "gnaf_confidence": "0",
                "gnaf_postcode": "5276",
                "gnaf_suburb": "ROBE",
                "distance_to_gnaf": 9,
                "gnaf_lat": "-37.165472129999955",
                "gnaf_long": "139.75143486000002",
                "comment_": null
            }
        },
        {
            "type": "Feature",
            "geometry": {
                "type": "Point",
                "coordinates": [
                    136.89392,
                    -30.562737
                ]
            },
            "properties": {
                "objectid": 676,
                "featuretype": "EMERGENCY FACILITY",
                "descripton": "An emergency management facility from which a particular agency’s resources are commanded, coordinated and assigned to an incident or emergency",
                "class": "AMBULANCE STATION",
                "lhn_code": "FUNLHN",
                "facility_name": "ROXBY DOWNS STATION",
                "facility_operationalstatus": "OPERATIONAL",
                "facility_address": "16-28 BURGOYNE STREET",
                "abs_suburb": "ROXBY DOWNS",
                "facility_state": "SOUTH AUSTRALIA",
                "abs_postcode": "5725",
                "facility_attribute_source": "HTTP://WWW.SAAMBULANCE.COM.AU",
                "facility_attribute_date": null,
                "facility_source": "HTTP://WWW.SAAMBULANCE.COM.AU",
                "facility_date": null,
                "facility_spatial_confidence": null,
                "facility_revised": "2018-08-18T00:00:00Z",
                "facility_lat": "-30.562750999999935",
                "facility_long": "136.8939120000001",
                "validated": null,
                "gnaf_building_name": "HOSPITAL",
                "gnaf_address_detail_pid": "GASA_417106116",
                "gnaf_formatted_address": "16-28 BURGOYNE STREET",
                "gnaf_confidence": "2",
                "gnaf_postcode": "5725",
                "gnaf_suburb": "ROXBY DOWNS",
                "distance_to_gnaf": 36,
                "gnaf_lat": "-30.563026139999977",
                "gnaf_long": "136.89411370000005",
                "comment_": null
            }
        },
        {
            "type": "Feature",
            "geometry": {
                "type": "Point",
                "coordinates": [
                    138.637493,
                    -34.783755
                ]
            },
            "properties": {
                "objectid": 678,
                "featuretype": "EMERGENCY FACILITY",
                "descripton": "An emergency management facility from which a particular agency’s resources are commanded, coordinated and assigned to an incident or emergency",
                "class": "AMBULANCE STATION",
                "lhn_code": "NALHN",
                "facility_name": "SALISBURY STATION",
                "facility_operationalstatus": "OPERATIONAL",
                "facility_address": "1-3 BREMEN DRIVE",
                "abs_suburb": "SALISBURY SOUTH",
                "facility_state": "SOUTH AUSTRALIA",
                "abs_postcode": "5106",
                "facility_attribute_source": "HTTP://WWW.SAAMBULANCE.COM.AU",
                "facility_attribute_date": null,
                "facility_source": "HTTP://WWW.SAAMBULANCE.COM.AU",
                "facility_date": null,
                "facility_spatial_confidence": null,
                "facility_revised": "2018-08-18T00:00:00Z",
                "facility_lat": "-34.78376900099994",
                "facility_long": "138.63748600000008",
                "validated": null,
                "gnaf_building_name": null,
                "gnaf_address_detail_pid": "GASA_425432702",
                "gnaf_formatted_address": "1-3 BREMEN DRIVE",
                "gnaf_confidence": "0",
                "gnaf_postcode": "5106",
                "gnaf_suburb": "SALISBURY SOUTH",
                "distance_to_gnaf": 14,
                "gnaf_lat": "-34.783639869999945",
                "gnaf_long": "138.63747229000012",
                "comment_": null
            }
        },
        {
            "type": "Feature",
            "geometry": {
                "type": "Point",
                "coordinates": [
                    138.210936,
                    -33.788022
                ]
            },
            "properties": {
                "objectid": 680,
                "featuretype": "EMERGENCY FACILITY",
                "descripton": "An emergency management facility from which a particular agency’s resources are commanded, coordinated and assigned to an incident or emergency",
                "class": "AMBULANCE STATION",
                "lhn_code": "YNLHN",
                "facility_name": "SNOWTOWN STATION",
                "facility_operationalstatus": "OPERATIONAL",
                "facility_address": "3-5 ADELAIDE ROAD",
                "abs_suburb": "SNOWTOWN",
                "facility_state": "SOUTH AUSTRALIA",
                "abs_postcode": "5520",
                "facility_attribute_source": "HTTP://WWW.SAAMBULANCE.COM.AU",
                "facility_attribute_date": null,
                "facility_source": "HTTP://WWW.SAAMBULANCE.COM.AU",
                "facility_date": null,
                "facility_spatial_confidence": null,
                "facility_revised": "2018-08-18T00:00:00Z",
                "facility_lat": "-33.78803599999998",
                "facility_long": "138.21092900000008",
                "validated": null,
                "gnaf_building_name": null,
                "gnaf_address_detail_pid": "GASA_425430645",
                "gnaf_formatted_address": "3-5 ADELAIDE ROAD",
                "gnaf_confidence": "0",
                "gnaf_postcode": "5520",
                "gnaf_suburb": "SNOWTOWN",
                "distance_to_gnaf": 32,
                "gnaf_lat": "-33.788229789999946",
                "gnaf_long": "138.21117904000005",
                "comment_": null
            }
        },
        {
            "type": "Feature",
            "geometry": {
                "type": "Point",
                "coordinates": [
                    138.893083,
                    -35.259809
                ]
            },
            "properties": {
                "objectid": 682,
                "featuretype": "EMERGENCY FACILITY",
                "descripton": "An emergency management facility from which a particular agency’s resources are commanded, coordinated and assigned to an incident or emergency",
                "class": "AMBULANCE STATION",
                "lhn_code": "BHFLHN",
                "facility_name": "STRATHALBYN STATION",
                "facility_operationalstatus": "OPERATIONAL",
                "facility_address": "3 RANKINE STREET",
                "abs_suburb": "STRATHALBYN",
                "facility_state": "SOUTH AUSTRALIA",
                "abs_postcode": "5255",
                "facility_attribute_source": "HTTP://WWW.SAAMBULANCE.COM.AU",
                "facility_attribute_date": null,
                "facility_source": "HTTP://WWW.SAAMBULANCE.COM.AU",
                "facility_date": null,
                "facility_spatial_confidence": null,
                "facility_revised": "2018-08-18T00:00:00Z",
                "facility_lat": "-35.25982300099997",
                "facility_long": "138.89307600000006",
                "validated": null,
                "gnaf_building_name": null,
                "gnaf_address_detail_pid": "GASA_415472773",
                "gnaf_formatted_address": "3 RANKINE STREET",
                "gnaf_confidence": "1",
                "gnaf_postcode": "5255",
                "gnaf_suburb": "STRATHALBYN",
                "distance_to_gnaf": 28,
                "gnaf_lat": "-35.259713949999934",
                "gnaf_long": "138.8933576700001",
                "comment_": null
            }
        },
        {
            "type": "Feature",
            "geometry": {
                "type": "Point",
                "coordinates": [
                    134.217697,
                    -32.792973
                ]
            },
            "properties": {
                "objectid": 683,
                "featuretype": "EMERGENCY FACILITY",
                "descripton": "An emergency management facility from which a particular agency’s resources are commanded, coordinated and assigned to an incident or emergency",
                "class": "AMBULANCE STATION",
                "lhn_code": "EFNLHN",
                "facility_name": "STREAKY BAY STATION",
                "facility_operationalstatus": "OPERATIONAL",
                "facility_address": "1 FLINDERS DRIVE",
                "abs_suburb": "STREAKY BAY",
                "facility_state": "SOUTH AUSTRALIA",
                "abs_postcode": "5680",
                "facility_attribute_source": "HTTP://WWW.SAAMBULANCE.COM.AU",
                "facility_attribute_date": null,
                "facility_source": "HTTP://WWW.SAAMBULANCE.COM.AU",
                "facility_date": null,
                "facility_spatial_confidence": null,
                "facility_revised": "2018-08-18T00:00:00Z",
                "facility_lat": "-32.79298700099997",
                "facility_long": "134.21768899900007",
                "validated": null,
                "gnaf_building_name": null,
                "gnaf_address_detail_pid": "GASA_417127110",
                "gnaf_formatted_address": "1 FLINDERS DRIVE",
                "gnaf_confidence": "0",
                "gnaf_postcode": "5680",
                "gnaf_suburb": "STREAKY BAY",
                "distance_to_gnaf": 68,
                "gnaf_lat": "-32.792853769999965",
                "gnaf_long": "134.21698585000001",
                "comment_": null
            }
        },
        {
            "type": "Feature",
            "geometry": {
                "type": "Point",
                "coordinates": [
                    139.598698,
                    -34.570718
                ]
            },
            "properties": {
                "objectid": 684,
                "featuretype": "EMERGENCY FACILITY",
                "descripton": "An emergency management facility from which a particular agency’s resources are commanded, coordinated and assigned to an incident or emergency",
                "class": "AMBULANCE STATION",
                "lhn_code": "RMCLHN",
                "facility_name": "SWAN REACH STATION",
                "facility_operationalstatus": "OPERATIONAL",
                "facility_address": "NILDOTTIE ROAD",
                "abs_suburb": "SWAN REACH",
                "facility_state": "SOUTH AUSTRALIA",
                "abs_postcode": "5354",
                "facility_attribute_source": "HTTP://WWW.SAAMBULANCE.COM.AU",
                "facility_attribute_date": null,
                "facility_source": "HTTP://WWW.SAAMBULANCE.COM.AU",
                "facility_date": null,
                "facility_spatial_confidence": null,
                "facility_revised": "2018-08-18T00:00:00Z",
                "facility_lat": "-34.57073099999997",
                "facility_long": "139.59869100000003",
                "validated": null,
                "gnaf_building_name": null,
                "gnaf_address_detail_pid": "GASA_424195680",
                "gnaf_formatted_address": "LOT 51 NILDOTTIE ROAD",
                "gnaf_confidence": "0",
                "gnaf_postcode": "5354",
                "gnaf_suburb": "SWAN REACH",
                "distance_to_gnaf": 102,
                "gnaf_lat": "-34.56982752999994",
                "gnaf_long": "139.59849449000012",
                "comment_": null
            }
        },
        {
            "type": "Feature",
            "geometry": {
                "type": "Point",
                "coordinates": [
                    137.606596,
                    -35.021213
                ]
            },
            "properties": {
                "objectid": 687,
                "featuretype": "EMERGENCY FACILITY",
                "descripton": "An emergency management facility from which a particular agency’s resources are commanded, coordinated and assigned to an incident or emergency",
                "class": "AMBULANCE STATION",
                "lhn_code": "YNLHN",
                "facility_name": "YORKETOWN STATION",
                "facility_operationalstatus": "OPERATIONAL",
                "facility_address": "7 WEANERS STREET",
                "abs_suburb": "YORKETOWN",
                "facility_state": "SOUTH AUSTRALIA",
                "abs_postcode": "5576",
                "facility_attribute_source": "HTTP://WWW.SAAMBULANCE.COM.AU",
                "facility_attribute_date": null,
                "facility_source": "HTTP://WWW.SAAMBULANCE.COM.AU",
                "facility_date": null,
                "facility_spatial_confidence": null,
                "facility_revised": "2018-08-18T00:00:00Z",
                "facility_lat": "-35.02122700199993",
                "facility_long": "137.6065890010001",
                "validated": null,
                "gnaf_building_name": null,
                "gnaf_address_detail_pid": "GASA_423202619",
                "gnaf_formatted_address": "7 WEANERS STREET",
                "gnaf_confidence": "0",
                "gnaf_postcode": "5576",
                "gnaf_suburb": "YORKETOWN",
                "distance_to_gnaf": 5,
                "gnaf_lat": "-35.021201789999964",
                "gnaf_long": "137.6066328400001",
                "comment_": null
            }
        },
        {
            "type": "Feature",
            "geometry": {
                "type": "Point",
                "coordinates": [
                    139.561251,
                    -32.581592
                ]
            },
            "properties": {
                "objectid": 688,
                "featuretype": "EMERGENCY FACILITY",
                "descripton": "An emergency management facility from which a particular agency’s resources are commanded, coordinated and assigned to an incident or emergency",
                "class": "AMBULANCE STATION",
                "lhn_code": "YNLHN",
                "facility_name": "YUNTA STATION",
                "facility_operationalstatus": "OPERATIONAL",
                "facility_address": "LOT 3 RAILWAY TERRACE",
                "abs_suburb": "YUNTA",
                "facility_state": "SOUTH AUSTRALIA",
                "abs_postcode": "5440",
                "facility_attribute_source": "HTTP://WWW.SAAMBULANCE.COM.AU",
                "facility_attribute_date": null,
                "facility_source": "HTTP://WWW.SAAMBULANCE.COM.AU",
                "facility_date": null,
                "facility_spatial_confidence": null,
                "facility_revised": "2018-08-18T00:00:00Z",
                "facility_lat": "-32.581606000999955",
                "facility_long": "139.5612440000001",
                "validated": null,
                "gnaf_building_name": null,
                "gnaf_address_detail_pid": "GASA_424204174",
                "gnaf_formatted_address": "LOT 3 RAILWAY TERRACE",
                "gnaf_confidence": "1",
                "gnaf_postcode": "5440",
                "gnaf_suburb": "YUNTA",
                "distance_to_gnaf": 104,
                "gnaf_lat": "-32.58253647999993",
                "gnaf_long": "139.56140587000004",
                "comment_": null
            }
        },
        {
            "type": "Feature",
            "geometry": {
                "type": "Point",
                "coordinates": [
                    138.930168,
                    -33.673347
                ]
            },
            "properties": {
                "objectid": 689,
                "featuretype": "EMERGENCY FACILITY",
                "descripton": "An emergency management facility from which a particular agency’s resources are commanded, coordinated and assigned to an incident or emergency",
                "class": "AMBULANCE STATION",
                "lhn_code": "",
                "facility_name": "BURRA STATION",
                "facility_operationalstatus": "OPERATIONAL",
                "facility_address": "MARKET SQ",
                "abs_suburb": "BURRA",
                "facility_state": "SOUTH AUSTRALIA",
                "abs_postcode": "5417",
                "facility_attribute_source": "HTTP://WWW.SAAMBULANCE.COM.AU",
                "facility_attribute_date": null,
                "facility_source": "HTTP://WWW.SAAMBULANCE.COM.AU",
                "facility_date": null,
                "facility_spatial_confidence": null,
                "facility_revised": "2018-08-18T00:00:00Z",
                "facility_lat": "-33.67336100099993",
                "facility_long": "138.9301610000001",
                "validated": null,
                "gnaf_building_name": null,
                "gnaf_address_detail_pid": null,
                "gnaf_formatted_address": null,
                "gnaf_confidence": null,
                "gnaf_postcode": null,
                "gnaf_suburb": null,
                "distance_to_gnaf": null,
                "gnaf_lat": null,
                "gnaf_long": null,
                "comment_": "NO GNAF POINT"
            }
        },
        {
            "type": "Feature",
            "geometry": {
                "type": "Point",
                "coordinates": [
                    139.670403,
                    -34.032994
                ]
            },
            "properties": {
                "objectid": 691,
                "featuretype": "EMERGENCY FACILITY",
                "descripton": "An emergency management facility from which a particular agency’s resources are commanded, coordinated and assigned to an incident or emergency",
                "class": "AMBULANCE STATION",
                "lhn_code": "RMCLHN",
                "facility_name": "MORGAN STATION",
                "facility_operationalstatus": "OPERATIONAL",
                "facility_address": "FIRST STREET",
                "abs_suburb": "MORGAN",
                "facility_state": "SOUTH AUSTRALIA",
                "abs_postcode": "5320",
                "facility_attribute_source": "HTTP://WWW.SAAMBULANCE.COM.AU",
                "facility_attribute_date": null,
                "facility_source": "HTTP://WWW.SAAMBULANCE.COM.AU",
                "facility_date": null,
                "facility_spatial_confidence": null,
                "facility_revised": "2018-08-18T00:00:00Z",
                "facility_lat": "-34.03300700199998",
                "facility_long": "139.6703960000001",
                "validated": null,
                "gnaf_building_name": null,
                "gnaf_address_detail_pid": null,
                "gnaf_formatted_address": null,
                "gnaf_confidence": null,
                "gnaf_postcode": null,
                "gnaf_suburb": null,
                "distance_to_gnaf": null,
                "gnaf_lat": null,
                "gnaf_long": null,
                "comment_": "NO GNAF POINT"
            }
        },
        {
            "type": "Feature",
            "geometry": {
                "type": "Point",
                "coordinates": [
                    139.285585,
                    -35.144099
                ]
            },
            "properties": {
                "objectid": 692,
                "featuretype": "EMERGENCY FACILITY",
                "descripton": "An emergency management facility from which a particular agency’s resources are commanded, coordinated and assigned to an incident or emergency",
                "class": "AMBULANCE STATION",
                "lhn_code": "RMCLHN",
                "facility_name": "MURRAY BRIDGE STATION",
                "facility_operationalstatus": "OPERATIONAL",
                "facility_address": "DARLING AVENUE",
                "abs_suburb": "MURRAY BRIDGE",
                "facility_state": "SOUTH AUSTRALIA",
                "abs_postcode": "5253",
                "facility_attribute_source": "HTTP://WWW.SAAMBULANCE.COM.AU",
                "facility_attribute_date": null,
                "facility_source": "HTTP://WWW.SAAMBULANCE.COM.AU",
                "facility_date": null,
                "facility_spatial_confidence": null,
                "facility_revised": "2018-08-18T00:00:00Z",
                "facility_lat": "-35.14411299999995",
                "facility_long": "139.2855780000001",
                "validated": null,
                "gnaf_building_name": null,
                "gnaf_address_detail_pid": null,
                "gnaf_formatted_address": null,
                "gnaf_confidence": null,
                "gnaf_postcode": null,
                "gnaf_suburb": null,
                "distance_to_gnaf": null,
                "gnaf_lat": null,
                "gnaf_long": null,
                "comment_": "NO GNAF POINT"
            }
        },
        {
            "type": "Feature",
            "geometry": {
                "type": "Point",
                "coordinates": [
                    138.619881,
                    -35.554943
                ]
            },
            "properties": {
                "objectid": 721,
                "featuretype": "EMERGENCY FACILITY",
                "descripton": "An emergency management facility from which a particular agency’s resources are commanded, coordinated and assigned to an incident or emergency",
                "class": "AMBULANCE STATION",
                "lhn_code": "BHFLHN",
                "facility_name": "VICTOR HARBOR STATION",
                "facility_operationalstatus": "OPERATIONAL",
                "facility_address": "45-47 TORRENS STREET",
                "abs_suburb": "VICTOR HARBOR",
                "facility_state": "SOUTH AUSTRALIA",
                "abs_postcode": "5211",
                "facility_attribute_source": "HTTP://WWW.SAAMBULANCE.COM.AU",
                "facility_attribute_date": null,
                "facility_source": "HTTP://WWW.SAAMBULANCE.COM.AU",
                "facility_date": null,
                "facility_spatial_confidence": null,
                "facility_revised": "2018-08-18T00:00:00Z",
                "facility_lat": "-35.554957000999934",
                "facility_long": "138.6198740000001",
                "validated": null,
                "gnaf_building_name": null,
                "gnaf_address_detail_pid": "GASA_425453649",
                "gnaf_formatted_address": "45-47 TORRENS STREET",
                "gnaf_confidence": "0",
                "gnaf_postcode": "5211",
                "gnaf_suburb": "VICTOR HARBOR",
                "distance_to_gnaf": 15,
                "gnaf_lat": "-35.55498540999997",
                "gnaf_long": "138.6200405500001",
                "comment_": null
            }
        },
        {
            "type": "Feature",
            "geometry": {
                "type": "Point",
                "coordinates": [
                    139.986921,
                    -34.182303
                ]
            },
            "properties": {
                "objectid": 722,
                "featuretype": "EMERGENCY FACILITY",
                "descripton": "An emergency management facility from which a particular agency’s resources are commanded, coordinated and assigned to an incident or emergency",
                "class": "AMBULANCE STATION",
                "lhn_code": "RMCLHN",
                "facility_name": "WAIKERIE STATION",
                "facility_operationalstatus": "OPERATIONAL",
                "facility_address": "LOT 480 DOWLING STREET",
                "abs_suburb": "WAIKERIE",
                "facility_state": "SOUTH AUSTRALIA",
                "abs_postcode": "5330",
                "facility_attribute_source": "HTTP://WWW.SAAMBULANCE.COM.AU",
                "facility_attribute_date": null,
                "facility_source": "HTTP://WWW.SAAMBULANCE.COM.AU",
                "facility_date": null,
                "facility_spatial_confidence": null,
                "facility_revised": "2018-08-18T00:00:00Z",
                "facility_lat": "-34.18231600099995",
                "facility_long": "139.98691400000007",
                "validated": null,
                "gnaf_building_name": null,
                "gnaf_address_detail_pid": "GASA_424167491",
                "gnaf_formatted_address": "LOT 480 DOWLING STREET",
                "gnaf_confidence": "0",
                "gnaf_postcode": "5330",
                "gnaf_suburb": "WAIKERIE",
                "distance_to_gnaf": 11,
                "gnaf_lat": "-34.182409709999945",
                "gnaf_long": "139.98687787000006",
                "comment_": null
            }
        },
        {
            "type": "Feature",
            "geometry": {
                "type": "Point",
                "coordinates": [
                    137.636314,
                    -33.929037
                ]
            },
            "properties": {
                "objectid": 724,
                "featuretype": "EMERGENCY FACILITY",
                "descripton": "An emergency management facility from which a particular agency’s resources are commanded, coordinated and assigned to an incident or emergency",
                "class": "AMBULANCE STATION",
                "lhn_code": "YNLHN",
                "facility_name": "WALLAROO STATION",
                "facility_operationalstatus": "OPERATIONAL",
                "facility_address": "LOT 20 ERNEST TERRACE",
                "abs_suburb": "WALLAROO",
                "facility_state": "SOUTH AUSTRALIA",
                "abs_postcode": "5556",
                "facility_attribute_source": "HTTP://WWW.SAAMBULANCE.COM.AU",
                "facility_attribute_date": null,
                "facility_source": "HTTP://WWW.SAAMBULANCE.COM.AU",
                "facility_date": null,
                "facility_spatial_confidence": null,
                "facility_revised": "2018-08-18T00:00:00Z",
                "facility_lat": "-33.92905100099995",
                "facility_long": "137.6363070000001",
                "validated": null,
                "gnaf_building_name": null,
                "gnaf_address_detail_pid": "GASA_424169375",
                "gnaf_formatted_address": "LOT 20 ERNEST TERRACE",
                "gnaf_confidence": "0",
                "gnaf_postcode": "5556",
                "gnaf_suburb": "WALLAROO",
                "distance_to_gnaf": 148,
                "gnaf_lat": "-33.92798578999998",
                "gnaf_long": "137.6372730600001",
                "comment_": null
            }
        },
        {
            "type": "Feature",
            "geometry": {
                "type": "Point",
                "coordinates": [
                    137.401778,
                    -34.990493
                ]
            },
            "properties": {
                "objectid": 733,
                "featuretype": "EMERGENCY FACILITY",
                "descripton": "An emergency management facility from which a particular agency’s resources are commanded, coordinated and assigned to an incident or emergency",
                "class": "AMBULANCE STATION",
                "lhn_code": "YNLHN",
                "facility_name": "WAROOKA STATION",
                "facility_operationalstatus": "OPERATIONAL",
                "facility_address": "36 MAIN STREET",
                "abs_suburb": "WAROOKA",
                "facility_state": "SOUTH AUSTRALIA",
                "abs_postcode": "5577",
                "facility_attribute_source": "HTTP://WWW.SAAMBULANCE.COM.AU",
                "facility_attribute_date": null,
                "facility_source": "HTTP://WWW.SAAMBULANCE.COM.AU",
                "facility_date": null,
                "facility_spatial_confidence": null,
                "facility_revised": "2018-08-18T00:00:00Z",
                "facility_lat": "-34.99050700099997",
                "facility_long": "137.40177100000005",
                "validated": null,
                "gnaf_building_name": null,
                "gnaf_address_detail_pid": "GASA_422065570",
                "gnaf_formatted_address": "36 MAIN STREET",
                "gnaf_confidence": "2",
                "gnaf_postcode": "5577",
                "gnaf_suburb": "WAROOKA",
                "distance_to_gnaf": 14,
                "gnaf_lat": "-34.99042964999995",
                "gnaf_long": "137.4018900200001",
                "comment_": null
            }
        },
        {
            "type": "Feature",
            "geometry": {
                "type": "Point",
                "coordinates": [
                    137.552665,
                    -33.028661
                ]
            },
            "properties": {
                "objectid": 735,
                "featuretype": "EMERGENCY FACILITY",
                "descripton": "An emergency management facility from which a particular agency’s resources are commanded, coordinated and assigned to an incident or emergency",
                "class": "AMBULANCE STATION",
                "lhn_code": "FUNLHN",
                "facility_name": "WHYALLA STATION",
                "facility_operationalstatus": "OPERATIONAL",
                "facility_address": "LOT 104 ST JOHN CRES",
                "abs_suburb": "WHYALLA PLAYFORD",
                "facility_state": "SOUTH AUSTRALIA",
                "abs_postcode": "5600",
                "facility_attribute_source": "HTTP://WWW.SAAMBULANCE.COM.AU",
                "facility_attribute_date": null,
                "facility_source": "HTTP://WWW.SAAMBULANCE.COM.AU",
                "facility_date": null,
                "facility_spatial_confidence": null,
                "facility_revised": "2018-08-18T00:00:00Z",
                "facility_lat": "-33.028675000999954",
                "facility_long": "137.55265700000007",
                "validated": null,
                "gnaf_building_name": null,
                "gnaf_address_detail_pid": "GASA_423784788",
                "gnaf_formatted_address": "89 NICOLSON AVENUE",
                "gnaf_confidence": "0",
                "gnaf_postcode": "5600",
                "gnaf_suburb": "WHYALLA PLAYFORD",
                "distance_to_gnaf": 27,
                "gnaf_lat": "-33.02870409999997",
                "gnaf_long": "137.55237321000004",
                "comment_": null
            }
        },
        {
            "type": "Feature",
            "geometry": {
                "type": "Point",
                "coordinates": [
                    138.875872,
                    -34.953545
                ]
            },
            "properties": {
                "objectid": 736,
                "featuretype": "EMERGENCY FACILITY",
                "descripton": "An emergency management facility from which a particular agency’s resources are commanded, coordinated and assigned to an incident or emergency",
                "class": "AMBULANCE STATION",
                "lhn_code": "BHFLHN",
                "facility_name": "WOODSIDE STATION",
                "facility_operationalstatus": "OPERATIONAL",
                "facility_address": "24 ONKAPARINGA VALL ROAD",
                "abs_suburb": "WOODSIDE",
                "facility_state": "SOUTH AUSTRALIA",
                "abs_postcode": "5244",
                "facility_attribute_source": "HTTP://WWW.SAAMBULANCE.COM.AU",
                "facility_attribute_date": null,
                "facility_source": "HTTP://WWW.SAAMBULANCE.COM.AU",
                "facility_date": null,
                "facility_spatial_confidence": null,
                "facility_revised": "2018-08-18T00:00:00Z",
                "facility_lat": "-34.953559000999974",
                "facility_long": "138.87586500100008",
                "validated": null,
                "gnaf_building_name": null,
                "gnaf_address_detail_pid": "GASA_424398632",
                "gnaf_formatted_address": "LOT 11 ONKAPARINGA VALLEY ROAD",
                "gnaf_confidence": "0",
                "gnaf_postcode": "5244",
                "gnaf_suburb": "WOODSIDE",
                "distance_to_gnaf": 38,
                "gnaf_lat": "-34.953418849999935",
                "gnaf_long": "138.87549",
                "comment_": null
            }
        },
        {
            "type": "Feature",
            "geometry": {
                "type": "Point",
                "coordinates": [
                    135.465128,
                    -33.050307
                ]
            },
            "properties": {
                "objectid": 738,
                "featuretype": "EMERGENCY FACILITY",
                "descripton": "An emergency management facility from which a particular agency’s resources are commanded, coordinated and assigned to an incident or emergency",
                "class": "AMBULANCE STATION",
                "lhn_code": "EFNLHN",
                "facility_name": "WUDINNA STATION",
                "facility_operationalstatus": "OPERATIONAL",
                "facility_address": "LOT 29 RICHARDS AVENUE",
                "abs_suburb": "WUDINNA",
                "facility_state": "SOUTH AUSTRALIA",
                "abs_postcode": "5652",
                "facility_attribute_source": "HTTP://WWW.SAAMBULANCE.COM.AU",
                "facility_attribute_date": null,
                "facility_source": "HTTP://WWW.SAAMBULANCE.COM.AU",
                "facility_date": null,
                "facility_spatial_confidence": null,
                "facility_revised": "2018-08-18T00:00:00Z",
                "facility_lat": "-33.050321001999976",
                "facility_long": "135.46511999900008",
                "validated": null,
                "gnaf_building_name": null,
                "gnaf_address_detail_pid": "GASA_424205334",
                "gnaf_formatted_address": "LOT 29 RICHARDS AVENUE",
                "gnaf_confidence": "0",
                "gnaf_postcode": "5652",
                "gnaf_suburb": "WUDINNA",
                "distance_to_gnaf": 3,
                "gnaf_lat": "-33.05033329999998",
                "gnaf_long": "135.4650965200001",
                "comment_": null
            }
        },
        {
            "type": "Feature",
            "geometry": {
                "type": "Point",
                "coordinates": [
                    138.351519,
                    -35.458381
                ]
            },
            "properties": {
                "objectid": 740,
                "featuretype": "EMERGENCY FACILITY",
                "descripton": "An emergency management facility from which a particular agency’s resources are commanded, coordinated and assigned to an incident or emergency",
                "class": "AMBULANCE STATION",
                "lhn_code": "BHFLHN",
                "facility_name": "YANKALILLA STATION",
                "facility_operationalstatus": "OPERATIONAL",
                "facility_address": "81 MAIN STREET",
                "abs_suburb": "YANKALILLA",
                "facility_state": "SOUTH AUSTRALIA",
                "abs_postcode": "5203",
                "facility_attribute_source": "HTTP://WWW.SAAMBULANCE.COM.AU",
                "facility_attribute_date": null,
                "facility_source": "HTTP://WWW.SAAMBULANCE.COM.AU",
                "facility_date": null,
                "facility_spatial_confidence": null,
                "facility_revised": "2018-08-18T00:00:00Z",
                "facility_lat": "-35.45839500099993",
                "facility_long": "138.35151200000007",
                "validated": null,
                "gnaf_building_name": null,
                "gnaf_address_detail_pid": "GASA_414941500",
                "gnaf_formatted_address": "81 MAIN STREET",
                "gnaf_confidence": "1",
                "gnaf_postcode": "5203",
                "gnaf_suburb": "YANKALILLA",
                "distance_to_gnaf": 7,
                "gnaf_lat": "-35.45834219999995",
                "gnaf_long": "138.35147888000006",
                "comment_": null
            }
        }
    ]
}